-- phpMyAdmin SQL Dump
-- version 4.0.10deb1
-- http://www.phpmyadmin.net
--
-- Host: localhost
-- Generation Time: Oct 19, 2014 at 07:25 PM
-- Server version: 5.5.38-0ubuntu0.14.04.1
-- PHP Version: 5.5.15RC1

SET SQL_MODE = "NO_AUTO_VALUE_ON_ZERO";
SET time_zone = "+00:00";


/*!40101 SET @OLD_CHARACTER_SET_CLIENT=@@CHARACTER_SET_CLIENT */;
/*!40101 SET @OLD_CHARACTER_SET_RESULTS=@@CHARACTER_SET_RESULTS */;
/*!40101 SET @OLD_COLLATION_CONNECTION=@@COLLATION_CONNECTION */;
/*!40101 SET NAMES utf8 */;

--
-- Database: `testing`
--

-- --------------------------------------------------------

--
-- Table structure for table `Heat`
--

CREATE TABLE IF NOT EXISTS `Heat` (
  `id` int(10) unsigned NOT NULL AUTO_INCREMENT,
  `heat_temperature` float(8,2) NOT NULL,
  `spot_address` varchar(255) COLLATE utf8_unicode_ci NOT NULL DEFAULT '0000.0000.0000.0000',
  `zone_id` int(10) unsigned NOT NULL DEFAULT '0',
  `created_at` timestamp NOT NULL DEFAULT '0000-00-00 00:00:00',
  PRIMARY KEY (`id`),
  KEY `heat_zone_id_foreign` (`zone_id`)
) ENGINE=InnoDB  DEFAULT CHARSET=utf8 COLLATE=utf8_unicode_ci AUTO_INCREMENT=493 ;

--
-- Dumping data for table `Heat`
--

INSERT INTO `Heat` (`id`, `heat_temperature`, `spot_address`, `zone_id`, `created_at`) VALUES
(1, 28.20, '0014.4F01.0000.7827', 1, '2014-10-13 00:00:00'),
(2, 29.60, '0014.4F01.0000.76FF', 2, '2014-10-13 00:00:00'),
(3, 26.80, '0014.4F01.0000.77A7', 3, '2014-10-13 00:00:00'),
(4, 26.00, '0014.4F01.0000.7827', 1, '2014-10-13 01:00:00'),
(5, 27.60, '0014.4F01.0000.76FF', 2, '2014-10-13 01:00:00'),
(6, 29.50, '0014.4F01.0000.77A7', 3, '2014-10-13 01:00:00'),
(7, 26.00, '0014.4F01.0000.7827', 1, '2014-10-13 02:00:00'),
(8, 28.20, '0014.4F01.0000.76FF', 2, '2014-10-13 02:00:00'),
(9, 29.20, '0014.4F01.0000.77A7', 3, '2014-10-13 02:00:00'),
(10, 28.30, '0014.4F01.0000.7827', 1, '2014-10-13 03:00:00'),
(11, 28.00, '0014.4F01.0000.76FF', 2, '2014-10-13 03:00:00'),
(12, 30.80, '0014.4F01.0000.77A7', 3, '2014-10-13 03:00:00'),
(13, 29.10, '0014.4F01.0000.7827', 1, '2014-10-13 04:00:00'),
(14, 28.90, '0014.4F01.0000.76FF', 2, '2014-10-13 04:00:00'),
(15, 30.10, '0014.4F01.0000.77A7', 3, '2014-10-13 04:00:00'),
(16, 28.70, '0014.4F01.0000.7827', 1, '2014-10-13 05:00:00'),
(17, 29.20, '0014.4F01.0000.76FF', 2, '2014-10-13 05:00:00'),
(18, 28.30, '0014.4F01.0000.77A7', 3, '2014-10-13 05:00:00'),
(19, 30.10, '0014.4F01.0000.7827', 1, '2014-10-13 06:00:00'),
(20, 30.30, '0014.4F01.0000.76FF', 2, '2014-10-13 06:00:00'),
(21, 26.80, '0014.4F01.0000.77A7', 3, '2014-10-13 06:00:00'),
(22, 30.80, '0014.4F01.0000.7827', 1, '2014-10-13 07:00:00'),
(23, 30.80, '0014.4F01.0000.76FF', 2, '2014-10-13 07:00:00'),
(24, 27.10, '0014.4F01.0000.77A7', 3, '2014-10-13 07:00:00'),
(25, 30.20, '0014.4F01.0000.7827', 1, '2014-10-13 08:00:00'),
(26, 30.10, '0014.4F01.0000.76FF', 2, '2014-10-13 08:00:00'),
(27, 29.50, '0014.4F01.0000.77A7', 3, '2014-10-13 08:00:00'),
(28, 28.00, '0014.4F01.0000.7827', 1, '2014-10-13 09:00:00'),
(29, 28.80, '0014.4F01.0000.76FF', 2, '2014-10-13 09:00:00'),
(30, 28.70, '0014.4F01.0000.77A7', 3, '2014-10-13 09:00:00'),
(31, 28.50, '0014.4F01.0000.7827', 1, '2014-10-13 10:00:00'),
(32, 29.00, '0014.4F01.0000.76FF', 2, '2014-10-13 10:00:00'),
(33, 26.30, '0014.4F01.0000.77A7', 3, '2014-10-13 10:00:00'),
(34, 26.30, '0014.4F01.0000.7827', 1, '2014-10-13 11:00:00'),
(35, 29.00, '0014.4F01.0000.76FF', 2, '2014-10-13 11:00:00'),
(36, 26.90, '0014.4F01.0000.77A7', 3, '2014-10-13 11:00:00'),
(37, 30.90, '0014.4F01.0000.7827', 1, '2014-10-13 12:00:00'),
(38, 26.00, '0014.4F01.0000.76FF', 2, '2014-10-13 12:00:00'),
(39, 26.10, '0014.4F01.0000.77A7', 3, '2014-10-13 12:00:00'),
(40, 28.10, '0014.4F01.0000.7827', 1, '2014-10-13 13:00:00'),
(41, 26.40, '0014.4F01.0000.76FF', 2, '2014-10-13 13:00:00'),
(42, 26.00, '0014.4F01.0000.77A7', 3, '2014-10-13 13:00:00'),
(43, 26.90, '0014.4F01.0000.7827', 1, '2014-10-13 14:00:00'),
(44, 30.50, '0014.4F01.0000.76FF', 2, '2014-10-13 14:00:00'),
(45, 30.90, '0014.4F01.0000.77A7', 3, '2014-10-13 14:00:00'),
(46, 31.00, '0014.4F01.0000.7827', 1, '2014-10-13 15:00:00'),
(47, 30.20, '0014.4F01.0000.76FF', 2, '2014-10-13 15:00:00'),
(48, 28.00, '0014.4F01.0000.77A7', 3, '2014-10-13 15:00:00'),
(49, 27.30, '0014.4F01.0000.7827', 1, '2014-10-13 16:00:00'),
(50, 27.40, '0014.4F01.0000.76FF', 2, '2014-10-13 16:00:00'),
(51, 28.40, '0014.4F01.0000.77A7', 3, '2014-10-13 16:00:00'),
(52, 29.10, '0014.4F01.0000.7827', 1, '2014-10-13 17:00:00'),
(53, 26.20, '0014.4F01.0000.76FF', 2, '2014-10-13 17:00:00'),
(54, 28.10, '0014.4F01.0000.77A7', 3, '2014-10-13 17:00:00'),
(55, 28.20, '0014.4F01.0000.7827', 1, '2014-10-13 18:00:00'),
(56, 30.40, '0014.4F01.0000.76FF', 2, '2014-10-13 18:00:00'),
(57, 27.30, '0014.4F01.0000.77A7', 3, '2014-10-13 18:00:00'),
(58, 27.80, '0014.4F01.0000.7827', 1, '2014-10-13 19:00:00'),
(59, 26.30, '0014.4F01.0000.76FF', 2, '2014-10-13 19:00:00'),
(60, 29.10, '0014.4F01.0000.77A7', 3, '2014-10-13 19:00:00'),
(61, 27.50, '0014.4F01.0000.7827', 1, '2014-10-13 20:00:00'),
(62, 28.90, '0014.4F01.0000.76FF', 2, '2014-10-13 20:00:00'),
(63, 30.10, '0014.4F01.0000.77A7', 3, '2014-10-13 20:00:00'),
(64, 28.90, '0014.4F01.0000.7827', 1, '2014-10-13 21:00:00'),
(65, 28.20, '0014.4F01.0000.76FF', 2, '2014-10-13 21:00:00'),
(66, 29.10, '0014.4F01.0000.77A7', 3, '2014-10-13 21:00:00'),
(67, 29.80, '0014.4F01.0000.7827', 1, '2014-10-13 22:00:00'),
(68, 29.00, '0014.4F01.0000.76FF', 2, '2014-10-13 22:00:00'),
(69, 29.20, '0014.4F01.0000.77A7', 3, '2014-10-13 22:00:00'),
(70, 30.90, '0014.4F01.0000.7827', 1, '2014-10-13 23:00:00'),
(71, 26.10, '0014.4F01.0000.76FF', 2, '2014-10-13 23:00:00'),
(72, 28.60, '0014.4F01.0000.77A7', 3, '2014-10-13 23:00:00'),
(73, 29.00, '0014.4F01.0000.7827', 1, '2014-10-14 00:00:00'),
(74, 30.00, '0014.4F01.0000.76FF', 2, '2014-10-14 00:00:00'),
(75, 27.10, '0014.4F01.0000.77A7', 3, '2014-10-14 00:00:00'),
(76, 30.80, '0014.4F01.0000.7827', 1, '2014-10-14 01:00:00'),
(77, 29.00, '0014.4F01.0000.76FF', 2, '2014-10-14 01:00:00'),
(78, 30.30, '0014.4F01.0000.77A7', 3, '2014-10-14 01:00:00'),
(79, 29.90, '0014.4F01.0000.7827', 1, '2014-10-14 02:00:00'),
(80, 28.20, '0014.4F01.0000.76FF', 2, '2014-10-14 02:00:00'),
(81, 27.80, '0014.4F01.0000.77A7', 3, '2014-10-14 02:00:00'),
(82, 28.30, '0014.4F01.0000.7827', 1, '2014-10-14 03:00:00'),
(83, 30.40, '0014.4F01.0000.76FF', 2, '2014-10-14 03:00:00'),
(84, 28.00, '0014.4F01.0000.77A7', 3, '2014-10-14 03:00:00'),
(85, 30.50, '0014.4F01.0000.7827', 1, '2014-10-14 04:00:00'),
(86, 30.60, '0014.4F01.0000.76FF', 2, '2014-10-14 04:00:00'),
(87, 30.30, '0014.4F01.0000.77A7', 3, '2014-10-14 04:00:00'),
(88, 30.90, '0014.4F01.0000.7827', 1, '2014-10-14 05:00:00'),
(89, 26.40, '0014.4F01.0000.76FF', 2, '2014-10-14 05:00:00'),
(90, 30.70, '0014.4F01.0000.77A7', 3, '2014-10-14 05:00:00'),
(91, 28.00, '0014.4F01.0000.7827', 1, '2014-10-14 06:00:00'),
(92, 28.90, '0014.4F01.0000.76FF', 2, '2014-10-14 06:00:00'),
(93, 27.50, '0014.4F01.0000.77A7', 3, '2014-10-14 06:00:00'),
(94, 28.00, '0014.4F01.0000.7827', 1, '2014-10-14 07:00:00'),
(95, 28.70, '0014.4F01.0000.76FF', 2, '2014-10-14 07:00:00'),
(96, 28.80, '0014.4F01.0000.77A7', 3, '2014-10-14 07:00:00'),
(97, 26.20, '0014.4F01.0000.7827', 1, '2014-10-14 08:00:00'),
(98, 30.40, '0014.4F01.0000.76FF', 2, '2014-10-14 08:00:00'),
(99, 26.80, '0014.4F01.0000.77A7', 3, '2014-10-14 08:00:00'),
(100, 30.40, '0014.4F01.0000.7827', 1, '2014-10-14 09:00:00'),
(101, 29.30, '0014.4F01.0000.76FF', 2, '2014-10-14 09:00:00'),
(102, 27.00, '0014.4F01.0000.77A7', 3, '2014-10-14 09:00:00'),
(103, 28.00, '0014.4F01.0000.7827', 1, '2014-10-14 10:00:00'),
(104, 30.20, '0014.4F01.0000.76FF', 2, '2014-10-14 10:00:00'),
(105, 27.00, '0014.4F01.0000.77A7', 3, '2014-10-14 10:00:00'),
(106, 29.20, '0014.4F01.0000.7827', 1, '2014-10-14 11:00:00'),
(107, 26.00, '0014.4F01.0000.76FF', 2, '2014-10-14 11:00:00'),
(108, 30.90, '0014.4F01.0000.77A7', 3, '2014-10-14 11:00:00'),
(109, 26.60, '0014.4F01.0000.7827', 1, '2014-10-14 12:00:00'),
(110, 30.00, '0014.4F01.0000.76FF', 2, '2014-10-14 12:00:00'),
(111, 30.10, '0014.4F01.0000.77A7', 3, '2014-10-14 12:00:00'),
(112, 28.30, '0014.4F01.0000.7827', 1, '2014-10-14 13:00:00'),
(113, 30.20, '0014.4F01.0000.76FF', 2, '2014-10-14 13:00:00'),
(114, 26.50, '0014.4F01.0000.77A7', 3, '2014-10-14 13:00:00'),
(115, 30.20, '0014.4F01.0000.7827', 1, '2014-10-14 14:00:00'),
(116, 30.70, '0014.4F01.0000.76FF', 2, '2014-10-14 14:00:00'),
(117, 26.10, '0014.4F01.0000.77A7', 3, '2014-10-14 14:00:00'),
(118, 30.60, '0014.4F01.0000.7827', 1, '2014-10-14 15:00:00'),
(119, 29.50, '0014.4F01.0000.76FF', 2, '2014-10-14 15:00:00'),
(120, 26.50, '0014.4F01.0000.77A7', 3, '2014-10-14 15:00:00'),
(121, 30.20, '0014.4F01.0000.7827', 1, '2014-10-14 16:00:00'),
(122, 29.40, '0014.4F01.0000.76FF', 2, '2014-10-14 16:00:00'),
(123, 29.30, '0014.4F01.0000.77A7', 3, '2014-10-14 16:00:00'),
(124, 27.80, '0014.4F01.0000.7827', 1, '2014-10-14 17:00:00'),
(125, 30.50, '0014.4F01.0000.76FF', 2, '2014-10-14 17:00:00'),
(126, 30.00, '0014.4F01.0000.77A7', 3, '2014-10-14 17:00:00'),
(127, 26.50, '0014.4F01.0000.7827', 1, '2014-10-14 18:00:00'),
(128, 28.70, '0014.4F01.0000.76FF', 2, '2014-10-14 18:00:00'),
(129, 29.40, '0014.4F01.0000.77A7', 3, '2014-10-14 18:00:00'),
(130, 27.30, '0014.4F01.0000.7827', 1, '2014-10-14 19:00:00'),
(131, 28.10, '0014.4F01.0000.76FF', 2, '2014-10-14 19:00:00'),
(132, 29.80, '0014.4F01.0000.77A7', 3, '2014-10-14 19:00:00'),
(133, 26.20, '0014.4F01.0000.7827', 1, '2014-10-14 20:00:00'),
(134, 29.20, '0014.4F01.0000.76FF', 2, '2014-10-14 20:00:00'),
(135, 30.00, '0014.4F01.0000.77A7', 3, '2014-10-14 20:00:00'),
(136, 27.10, '0014.4F01.0000.7827', 1, '2014-10-14 21:00:00'),
(137, 28.50, '0014.4F01.0000.76FF', 2, '2014-10-14 21:00:00'),
(138, 27.00, '0014.4F01.0000.77A7', 3, '2014-10-14 21:00:00'),
(139, 27.00, '0014.4F01.0000.7827', 1, '2014-10-14 22:00:00'),
(140, 26.00, '0014.4F01.0000.76FF', 2, '2014-10-14 22:00:00'),
(141, 28.90, '0014.4F01.0000.77A7', 3, '2014-10-14 22:00:00'),
(142, 29.10, '0014.4F01.0000.7827', 1, '2014-10-14 23:00:00'),
(143, 27.40, '0014.4F01.0000.76FF', 2, '2014-10-14 23:00:00'),
(144, 26.00, '0014.4F01.0000.77A7', 3, '2014-10-14 23:00:00'),
(145, 29.70, '0014.4F01.0000.7827', 1, '2014-10-15 00:00:00'),
(146, 30.70, '0014.4F01.0000.76FF', 2, '2014-10-15 00:00:00'),
(147, 29.70, '0014.4F01.0000.77A7', 3, '2014-10-15 00:00:00'),
(148, 29.80, '0014.4F01.0000.7827', 1, '2014-10-15 01:00:00'),
(149, 27.20, '0014.4F01.0000.76FF', 2, '2014-10-15 01:00:00'),
(150, 28.20, '0014.4F01.0000.77A7', 3, '2014-10-15 01:00:00'),
(151, 30.30, '0014.4F01.0000.7827', 1, '2014-10-15 02:00:00'),
(152, 28.40, '0014.4F01.0000.76FF', 2, '2014-10-15 02:00:00'),
(153, 29.70, '0014.4F01.0000.77A7', 3, '2014-10-15 02:00:00'),
(154, 27.70, '0014.4F01.0000.7827', 1, '2014-10-15 03:00:00'),
(155, 29.10, '0014.4F01.0000.76FF', 2, '2014-10-15 03:00:00'),
(156, 29.10, '0014.4F01.0000.77A7', 3, '2014-10-15 03:00:00'),
(157, 28.70, '0014.4F01.0000.7827', 1, '2014-10-15 04:00:00'),
(158, 28.70, '0014.4F01.0000.76FF', 2, '2014-10-15 04:00:00'),
(159, 29.90, '0014.4F01.0000.77A7', 3, '2014-10-15 04:00:00'),
(160, 29.10, '0014.4F01.0000.7827', 1, '2014-10-15 05:00:00'),
(161, 29.00, '0014.4F01.0000.76FF', 2, '2014-10-15 05:00:00'),
(162, 27.00, '0014.4F01.0000.77A7', 3, '2014-10-15 05:00:00'),
(163, 27.90, '0014.4F01.0000.7827', 1, '2014-10-15 06:00:00'),
(164, 30.20, '0014.4F01.0000.76FF', 2, '2014-10-15 06:00:00'),
(165, 26.30, '0014.4F01.0000.77A7', 3, '2014-10-15 06:00:00'),
(166, 26.80, '0014.4F01.0000.7827', 1, '2014-10-15 07:00:00'),
(167, 26.30, '0014.4F01.0000.76FF', 2, '2014-10-15 07:00:00'),
(168, 26.80, '0014.4F01.0000.77A7', 3, '2014-10-15 07:00:00'),
(169, 28.80, '0014.4F01.0000.7827', 1, '2014-10-15 08:00:00'),
(170, 30.30, '0014.4F01.0000.76FF', 2, '2014-10-15 08:00:00'),
(171, 30.90, '0014.4F01.0000.77A7', 3, '2014-10-15 08:00:00'),
(172, 27.60, '0014.4F01.0000.7827', 1, '2014-10-15 09:00:00'),
(173, 27.50, '0014.4F01.0000.76FF', 2, '2014-10-15 09:00:00'),
(174, 30.20, '0014.4F01.0000.77A7', 3, '2014-10-15 09:00:00'),
(175, 27.70, '0014.4F01.0000.7827', 1, '2014-10-15 10:00:00'),
(176, 27.20, '0014.4F01.0000.76FF', 2, '2014-10-15 10:00:00'),
(177, 28.90, '0014.4F01.0000.77A7', 3, '2014-10-15 10:00:00'),
(178, 28.40, '0014.4F01.0000.7827', 1, '2014-10-15 11:00:00'),
(179, 27.00, '0014.4F01.0000.76FF', 2, '2014-10-15 11:00:00'),
(180, 30.10, '0014.4F01.0000.77A7', 3, '2014-10-15 11:00:00'),
(181, 26.60, '0014.4F01.0000.7827', 1, '2014-10-15 12:00:00'),
(182, 28.30, '0014.4F01.0000.76FF', 2, '2014-10-15 12:00:00'),
(183, 27.50, '0014.4F01.0000.77A7', 3, '2014-10-15 12:00:00'),
(184, 29.20, '0014.4F01.0000.7827', 1, '2014-10-15 13:00:00'),
(185, 29.00, '0014.4F01.0000.76FF', 2, '2014-10-15 13:00:00'),
(186, 26.70, '0014.4F01.0000.77A7', 3, '2014-10-15 13:00:00'),
(187, 30.40, '0014.4F01.0000.7827', 1, '2014-10-15 14:00:00'),
(188, 28.60, '0014.4F01.0000.76FF', 2, '2014-10-15 14:00:00'),
(189, 26.30, '0014.4F01.0000.77A7', 3, '2014-10-15 14:00:00'),
(190, 27.20, '0014.4F01.0000.7827', 1, '2014-10-15 15:00:00'),
(191, 29.80, '0014.4F01.0000.76FF', 2, '2014-10-15 15:00:00'),
(192, 27.30, '0014.4F01.0000.77A7', 3, '2014-10-15 15:00:00'),
(193, 27.30, '0014.4F01.0000.7827', 1, '2014-10-15 16:00:00'),
(194, 26.60, '0014.4F01.0000.76FF', 2, '2014-10-15 16:00:00'),
(195, 28.50, '0014.4F01.0000.77A7', 3, '2014-10-15 16:00:00'),
(196, 29.60, '0014.4F01.0000.7827', 1, '2014-10-15 17:00:00'),
(197, 30.40, '0014.4F01.0000.76FF', 2, '2014-10-15 17:00:00'),
(198, 28.90, '0014.4F01.0000.77A7', 3, '2014-10-15 17:00:00'),
(199, 29.40, '0014.4F01.0000.7827', 1, '2014-10-15 18:00:00'),
(200, 26.10, '0014.4F01.0000.76FF', 2, '2014-10-15 18:00:00'),
(201, 29.20, '0014.4F01.0000.77A7', 3, '2014-10-15 18:00:00'),
(202, 30.30, '0014.4F01.0000.7827', 1, '2014-10-15 19:00:00'),
(203, 30.70, '0014.4F01.0000.76FF', 2, '2014-10-15 19:00:00'),
(204, 30.70, '0014.4F01.0000.77A7', 3, '2014-10-15 19:00:00'),
(205, 29.60, '0014.4F01.0000.7827', 1, '2014-10-15 20:00:00'),
(206, 26.40, '0014.4F01.0000.76FF', 2, '2014-10-15 20:00:00'),
(207, 29.90, '0014.4F01.0000.77A7', 3, '2014-10-15 20:00:00'),
(208, 30.40, '0014.4F01.0000.7827', 1, '2014-10-15 21:00:00'),
(209, 26.80, '0014.4F01.0000.76FF', 2, '2014-10-15 21:00:00'),
(210, 28.90, '0014.4F01.0000.77A7', 3, '2014-10-15 21:00:00'),
(211, 30.60, '0014.4F01.0000.7827', 1, '2014-10-15 22:00:00'),
(212, 26.30, '0014.4F01.0000.76FF', 2, '2014-10-15 22:00:00'),
(213, 27.20, '0014.4F01.0000.77A7', 3, '2014-10-15 22:00:00'),
(214, 27.00, '0014.4F01.0000.7827', 1, '2014-10-15 23:00:00'),
(215, 28.60, '0014.4F01.0000.76FF', 2, '2014-10-15 23:00:00'),
(216, 28.10, '0014.4F01.0000.77A7', 3, '2014-10-15 23:00:00'),
(217, 27.80, '0014.4F01.0000.7827', 1, '2014-10-16 00:00:00'),
(218, 29.00, '0014.4F01.0000.76FF', 2, '2014-10-16 00:00:00'),
(219, 26.70, '0014.4F01.0000.77A7', 3, '2014-10-16 00:00:00'),
(220, 26.00, '0014.4F01.0000.7827', 1, '2014-10-16 01:00:00'),
(221, 26.20, '0014.4F01.0000.76FF', 2, '2014-10-16 01:00:00'),
(222, 29.50, '0014.4F01.0000.77A7', 3, '2014-10-16 01:00:00'),
(223, 27.30, '0014.4F01.0000.7827', 1, '2014-10-16 02:00:00'),
(224, 30.60, '0014.4F01.0000.76FF', 2, '2014-10-16 02:00:00'),
(225, 27.00, '0014.4F01.0000.77A7', 3, '2014-10-16 02:00:00'),
(226, 26.90, '0014.4F01.0000.7827', 1, '2014-10-16 03:00:00'),
(227, 29.20, '0014.4F01.0000.76FF', 2, '2014-10-16 03:00:00'),
(228, 27.40, '0014.4F01.0000.77A7', 3, '2014-10-16 03:00:00'),
(229, 26.70, '0014.4F01.0000.7827', 1, '2014-10-16 04:00:00'),
(230, 27.60, '0014.4F01.0000.76FF', 2, '2014-10-16 04:00:00'),
(231, 27.60, '0014.4F01.0000.77A7', 3, '2014-10-16 04:00:00'),
(232, 30.90, '0014.4F01.0000.7827', 1, '2014-10-16 05:00:00'),
(233, 27.00, '0014.4F01.0000.76FF', 2, '2014-10-16 05:00:00'),
(234, 26.30, '0014.4F01.0000.77A7', 3, '2014-10-16 05:00:00'),
(235, 28.60, '0014.4F01.0000.7827', 1, '2014-10-16 06:00:00'),
(236, 27.50, '0014.4F01.0000.76FF', 2, '2014-10-16 06:00:00'),
(237, 27.70, '0014.4F01.0000.77A7', 3, '2014-10-16 06:00:00'),
(238, 26.50, '0014.4F01.0000.7827', 1, '2014-10-16 07:00:00'),
(239, 29.90, '0014.4F01.0000.76FF', 2, '2014-10-16 07:00:00'),
(240, 26.40, '0014.4F01.0000.77A7', 3, '2014-10-16 07:00:00'),
(241, 27.40, '0014.4F01.0000.7827', 1, '2014-10-16 08:00:00'),
(242, 27.50, '0014.4F01.0000.76FF', 2, '2014-10-16 08:00:00'),
(243, 26.80, '0014.4F01.0000.77A7', 3, '2014-10-16 08:00:00'),
(244, 29.60, '0014.4F01.0000.7827', 1, '2014-10-16 09:00:00'),
(245, 30.50, '0014.4F01.0000.76FF', 2, '2014-10-16 09:00:00'),
(246, 28.30, '0014.4F01.0000.77A7', 3, '2014-10-16 09:00:00'),
(247, 30.70, '0014.4F01.0000.7827', 1, '2014-10-16 10:00:00'),
(248, 30.20, '0014.4F01.0000.76FF', 2, '2014-10-16 10:00:00'),
(249, 29.30, '0014.4F01.0000.77A7', 3, '2014-10-16 10:00:00'),
(250, 29.40, '0014.4F01.0000.7827', 1, '2014-10-16 11:00:00'),
(251, 29.30, '0014.4F01.0000.76FF', 2, '2014-10-16 11:00:00'),
(252, 29.60, '0014.4F01.0000.77A7', 3, '2014-10-16 11:00:00'),
(253, 30.90, '0014.4F01.0000.7827', 1, '2014-10-16 12:00:00'),
(254, 30.70, '0014.4F01.0000.76FF', 2, '2014-10-16 12:00:00'),
(255, 28.10, '0014.4F01.0000.77A7', 3, '2014-10-16 12:00:00'),
(256, 27.00, '0014.4F01.0000.7827', 1, '2014-10-16 13:00:00'),
(257, 26.50, '0014.4F01.0000.76FF', 2, '2014-10-16 13:00:00'),
(258, 27.30, '0014.4F01.0000.77A7', 3, '2014-10-16 13:00:00'),
(259, 26.40, '0014.4F01.0000.7827', 1, '2014-10-16 14:00:00'),
(260, 26.20, '0014.4F01.0000.76FF', 2, '2014-10-16 14:00:00'),
(261, 30.00, '0014.4F01.0000.77A7', 3, '2014-10-16 14:00:00'),
(262, 29.00, '0014.4F01.0000.7827', 1, '2014-10-16 15:00:00'),
(263, 30.00, '0014.4F01.0000.76FF', 2, '2014-10-16 15:00:00'),
(264, 26.90, '0014.4F01.0000.77A7', 3, '2014-10-16 15:00:00'),
(265, 30.20, '0014.4F01.0000.7827', 1, '2014-10-16 16:00:00'),
(266, 27.70, '0014.4F01.0000.76FF', 2, '2014-10-16 16:00:00'),
(267, 30.30, '0014.4F01.0000.77A7', 3, '2014-10-16 16:00:00'),
(268, 26.90, '0014.4F01.0000.7827', 1, '2014-10-16 17:00:00'),
(269, 30.10, '0014.4F01.0000.76FF', 2, '2014-10-16 17:00:00'),
(270, 28.20, '0014.4F01.0000.77A7', 3, '2014-10-16 17:00:00'),
(271, 26.30, '0014.4F01.0000.7827', 1, '2014-10-16 18:00:00'),
(272, 29.60, '0014.4F01.0000.76FF', 2, '2014-10-16 18:00:00'),
(273, 26.70, '0014.4F01.0000.77A7', 3, '2014-10-16 18:00:00'),
(274, 30.00, '0014.4F01.0000.7827', 1, '2014-10-16 19:00:00'),
(275, 27.10, '0014.4F01.0000.76FF', 2, '2014-10-16 19:00:00'),
(276, 26.20, '0014.4F01.0000.77A7', 3, '2014-10-16 19:00:00'),
(277, 26.40, '0014.4F01.0000.7827', 1, '2014-10-16 20:00:00'),
(278, 26.90, '0014.4F01.0000.76FF', 2, '2014-10-16 20:00:00'),
(279, 28.50, '0014.4F01.0000.77A7', 3, '2014-10-16 20:00:00'),
(280, 26.80, '0014.4F01.0000.7827', 1, '2014-10-16 21:00:00'),
(281, 30.20, '0014.4F01.0000.76FF', 2, '2014-10-16 21:00:00'),
(282, 29.80, '0014.4F01.0000.77A7', 3, '2014-10-16 21:00:00'),
(283, 26.30, '0014.4F01.0000.7827', 1, '2014-10-16 22:00:00'),
(284, 27.10, '0014.4F01.0000.76FF', 2, '2014-10-16 22:00:00'),
(285, 27.40, '0014.4F01.0000.77A7', 3, '2014-10-16 22:00:00'),
(286, 30.50, '0014.4F01.0000.7827', 1, '2014-10-16 23:00:00'),
(287, 30.00, '0014.4F01.0000.76FF', 2, '2014-10-16 23:00:00'),
(288, 31.00, '0014.4F01.0000.77A7', 3, '2014-10-16 23:00:00'),
(289, 27.80, '0014.4F01.0000.7827', 1, '2014-10-17 00:00:00'),
(290, 30.40, '0014.4F01.0000.76FF', 2, '2014-10-17 00:00:00'),
(291, 26.10, '0014.4F01.0000.77A7', 3, '2014-10-17 00:00:00'),
(292, 27.80, '0014.4F01.0000.7827', 1, '2014-10-17 01:00:00'),
(293, 30.30, '0014.4F01.0000.76FF', 2, '2014-10-17 01:00:00'),
(294, 28.20, '0014.4F01.0000.77A7', 3, '2014-10-17 01:00:00'),
(295, 28.60, '0014.4F01.0000.7827', 1, '2014-10-17 02:00:00'),
(296, 29.60, '0014.4F01.0000.76FF', 2, '2014-10-17 02:00:00'),
(297, 28.00, '0014.4F01.0000.77A7', 3, '2014-10-17 02:00:00'),
(298, 30.00, '0014.4F01.0000.7827', 1, '2014-10-17 03:00:00'),
(299, 30.40, '0014.4F01.0000.76FF', 2, '2014-10-17 03:00:00'),
(300, 28.10, '0014.4F01.0000.77A7', 3, '2014-10-17 03:00:00'),
(301, 27.20, '0014.4F01.0000.7827', 1, '2014-10-17 04:00:00'),
(302, 27.80, '0014.4F01.0000.76FF', 2, '2014-10-17 04:00:00'),
(303, 27.70, '0014.4F01.0000.77A7', 3, '2014-10-17 04:00:00'),
(304, 30.90, '0014.4F01.0000.7827', 1, '2014-10-17 05:00:00'),
(305, 28.90, '0014.4F01.0000.76FF', 2, '2014-10-17 05:00:00'),
(306, 28.80, '0014.4F01.0000.77A7', 3, '2014-10-17 05:00:00'),
(307, 26.10, '0014.4F01.0000.7827', 1, '2014-10-17 06:00:00'),
(308, 26.20, '0014.4F01.0000.76FF', 2, '2014-10-17 06:00:00'),
(309, 30.70, '0014.4F01.0000.77A7', 3, '2014-10-17 06:00:00'),
(310, 27.60, '0014.4F01.0000.7827', 1, '2014-10-17 07:00:00'),
(311, 30.00, '0014.4F01.0000.76FF', 2, '2014-10-17 07:00:00'),
(312, 27.00, '0014.4F01.0000.77A7', 3, '2014-10-17 07:00:00'),
(313, 27.30, '0014.4F01.0000.7827', 1, '2014-10-17 08:00:00'),
(314, 29.30, '0014.4F01.0000.76FF', 2, '2014-10-17 08:00:00'),
(315, 29.00, '0014.4F01.0000.77A7', 3, '2014-10-17 08:00:00'),
(316, 27.80, '0014.4F01.0000.7827', 1, '2014-10-17 09:00:00'),
(317, 26.80, '0014.4F01.0000.76FF', 2, '2014-10-17 09:00:00'),
(318, 27.00, '0014.4F01.0000.77A7', 3, '2014-10-17 09:00:00'),
(319, 27.70, '0014.4F01.0000.7827', 1, '2014-10-17 10:00:00'),
(320, 30.60, '0014.4F01.0000.76FF', 2, '2014-10-17 10:00:00'),
(321, 29.50, '0014.4F01.0000.77A7', 3, '2014-10-17 10:00:00'),
(322, 29.90, '0014.4F01.0000.7827', 1, '2014-10-17 11:00:00'),
(323, 27.40, '0014.4F01.0000.76FF', 2, '2014-10-17 11:00:00'),
(324, 26.90, '0014.4F01.0000.77A7', 3, '2014-10-17 11:00:00'),
(325, 26.10, '0014.4F01.0000.7827', 1, '2014-10-17 12:00:00'),
(326, 29.00, '0014.4F01.0000.76FF', 2, '2014-10-17 12:00:00'),
(327, 27.40, '0014.4F01.0000.77A7', 3, '2014-10-17 12:00:00'),
(328, 29.00, '0014.4F01.0000.7827', 1, '2014-10-17 13:00:00'),
(329, 29.00, '0014.4F01.0000.76FF', 2, '2014-10-17 13:00:00'),
(330, 30.90, '0014.4F01.0000.77A7', 3, '2014-10-17 13:00:00'),
(331, 30.10, '0014.4F01.0000.7827', 1, '2014-10-17 14:00:00'),
(332, 26.20, '0014.4F01.0000.76FF', 2, '2014-10-17 14:00:00'),
(333, 30.60, '0014.4F01.0000.77A7', 3, '2014-10-17 14:00:00'),
(334, 29.80, '0014.4F01.0000.7827', 1, '2014-10-17 15:00:00'),
(335, 28.00, '0014.4F01.0000.76FF', 2, '2014-10-17 15:00:00'),
(336, 28.40, '0014.4F01.0000.77A7', 3, '2014-10-17 15:00:00'),
(337, 28.60, '0014.4F01.0000.7827', 1, '2014-10-17 16:00:00'),
(338, 27.20, '0014.4F01.0000.76FF', 2, '2014-10-17 16:00:00'),
(339, 30.70, '0014.4F01.0000.77A7', 3, '2014-10-17 16:00:00'),
(340, 28.30, '0014.4F01.0000.7827', 1, '2014-10-17 17:00:00'),
(341, 28.80, '0014.4F01.0000.76FF', 2, '2014-10-17 17:00:00'),
(342, 26.70, '0014.4F01.0000.77A7', 3, '2014-10-17 17:00:00'),
(343, 27.20, '0014.4F01.0000.7827', 1, '2014-10-17 18:00:00'),
(344, 27.00, '0014.4F01.0000.76FF', 2, '2014-10-17 18:00:00'),
(345, 27.00, '0014.4F01.0000.77A7', 3, '2014-10-17 18:00:00'),
(346, 29.20, '0014.4F01.0000.7827', 1, '2014-10-17 19:00:00'),
(347, 30.90, '0014.4F01.0000.76FF', 2, '2014-10-17 19:00:00'),
(348, 27.90, '0014.4F01.0000.77A7', 3, '2014-10-17 19:00:00'),
(349, 27.30, '0014.4F01.0000.7827', 1, '2014-10-17 20:00:00'),
(350, 28.50, '0014.4F01.0000.76FF', 2, '2014-10-17 20:00:00'),
(351, 26.50, '0014.4F01.0000.77A7', 3, '2014-10-17 20:00:00'),
(352, 26.80, '0014.4F01.0000.7827', 1, '2014-10-17 21:00:00'),
(353, 27.40, '0014.4F01.0000.76FF', 2, '2014-10-17 21:00:00'),
(354, 27.90, '0014.4F01.0000.77A7', 3, '2014-10-17 21:00:00'),
(355, 27.60, '0014.4F01.0000.7827', 1, '2014-10-17 22:00:00'),
(356, 30.50, '0014.4F01.0000.76FF', 2, '2014-10-17 22:00:00'),
(357, 27.90, '0014.4F01.0000.77A7', 3, '2014-10-17 22:00:00'),
(358, 26.00, '0014.4F01.0000.7827', 1, '2014-10-17 23:00:00'),
(359, 28.60, '0014.4F01.0000.76FF', 2, '2014-10-17 23:00:00'),
(360, 27.90, '0014.4F01.0000.77A7', 3, '2014-10-17 23:00:00'),
(361, 26.90, '0014.4F01.0000.7827', 1, '2014-10-18 00:00:00'),
(362, 29.70, '0014.4F01.0000.76FF', 2, '2014-10-18 00:00:00'),
(363, 30.00, '0014.4F01.0000.77A7', 3, '2014-10-18 00:00:00'),
(364, 30.40, '0014.4F01.0000.7827', 1, '2014-10-18 01:00:00'),
(365, 29.50, '0014.4F01.0000.76FF', 2, '2014-10-18 01:00:00'),
(366, 27.10, '0014.4F01.0000.77A7', 3, '2014-10-18 01:00:00'),
(367, 26.90, '0014.4F01.0000.7827', 1, '2014-10-18 02:00:00'),
(368, 26.10, '0014.4F01.0000.76FF', 2, '2014-10-18 02:00:00'),
(369, 28.30, '0014.4F01.0000.77A7', 3, '2014-10-18 02:00:00'),
(370, 30.60, '0014.4F01.0000.7827', 1, '2014-10-18 03:00:00'),
(371, 27.40, '0014.4F01.0000.76FF', 2, '2014-10-18 03:00:00'),
(372, 30.10, '0014.4F01.0000.77A7', 3, '2014-10-18 03:00:00'),
(373, 29.30, '0014.4F01.0000.7827', 1, '2014-10-18 04:00:00'),
(374, 26.60, '0014.4F01.0000.76FF', 2, '2014-10-18 04:00:00'),
(375, 26.10, '0014.4F01.0000.77A7', 3, '2014-10-18 04:00:00'),
(376, 28.40, '0014.4F01.0000.7827', 1, '2014-10-18 05:00:00'),
(377, 28.90, '0014.4F01.0000.76FF', 2, '2014-10-18 05:00:00'),
(378, 28.00, '0014.4F01.0000.77A7', 3, '2014-10-18 05:00:00'),
(379, 30.20, '0014.4F01.0000.7827', 1, '2014-10-18 06:00:00'),
(380, 28.10, '0014.4F01.0000.76FF', 2, '2014-10-18 06:00:00'),
(381, 29.60, '0014.4F01.0000.77A7', 3, '2014-10-18 06:00:00'),
(382, 26.80, '0014.4F01.0000.7827', 1, '2014-10-18 07:00:00'),
(383, 30.00, '0014.4F01.0000.76FF', 2, '2014-10-18 07:00:00'),
(384, 29.00, '0014.4F01.0000.77A7', 3, '2014-10-18 07:00:00'),
(385, 27.70, '0014.4F01.0000.7827', 1, '2014-10-18 08:00:00'),
(386, 28.60, '0014.4F01.0000.76FF', 2, '2014-10-18 08:00:00'),
(387, 29.50, '0014.4F01.0000.77A7', 3, '2014-10-18 08:00:00'),
(388, 27.60, '0014.4F01.0000.7827', 1, '2014-10-18 09:00:00'),
(389, 29.60, '0014.4F01.0000.76FF', 2, '2014-10-18 09:00:00'),
(390, 26.00, '0014.4F01.0000.77A7', 3, '2014-10-18 09:00:00'),
(391, 28.40, '0014.4F01.0000.7827', 1, '2014-10-18 10:00:00'),
(392, 27.40, '0014.4F01.0000.76FF', 2, '2014-10-18 10:00:00'),
(393, 27.80, '0014.4F01.0000.77A7', 3, '2014-10-18 10:00:00'),
(394, 30.50, '0014.4F01.0000.7827', 1, '2014-10-18 11:00:00'),
(395, 28.90, '0014.4F01.0000.76FF', 2, '2014-10-18 11:00:00'),
(396, 26.20, '0014.4F01.0000.77A7', 3, '2014-10-18 11:00:00'),
(397, 29.70, '0014.4F01.0000.7827', 1, '2014-10-18 12:00:00'),
(398, 27.70, '0014.4F01.0000.76FF', 2, '2014-10-18 12:00:00'),
(399, 28.40, '0014.4F01.0000.77A7', 3, '2014-10-18 12:00:00'),
(400, 29.00, '0014.4F01.0000.7827', 1, '2014-10-18 13:00:00'),
(401, 29.30, '0014.4F01.0000.76FF', 2, '2014-10-18 13:00:00'),
(402, 29.90, '0014.4F01.0000.77A7', 3, '2014-10-18 13:00:00'),
(403, 26.10, '0014.4F01.0000.7827', 1, '2014-10-18 14:00:00'),
(404, 27.60, '0014.4F01.0000.76FF', 2, '2014-10-18 14:00:00'),
(405, 29.40, '0014.4F01.0000.77A7', 3, '2014-10-18 14:00:00'),
(406, 27.30, '0014.4F01.0000.7827', 1, '2014-10-18 15:00:00'),
(407, 31.00, '0014.4F01.0000.76FF', 2, '2014-10-18 15:00:00'),
(408, 30.30, '0014.4F01.0000.77A7', 3, '2014-10-18 15:00:00'),
(409, 26.30, '0014.4F01.0000.7827', 1, '2014-10-18 16:00:00'),
(410, 30.20, '0014.4F01.0000.76FF', 2, '2014-10-18 16:00:00'),
(411, 29.40, '0014.4F01.0000.77A7', 3, '2014-10-18 16:00:00'),
(412, 26.90, '0014.4F01.0000.7827', 1, '2014-10-18 17:00:00'),
(413, 29.00, '0014.4F01.0000.76FF', 2, '2014-10-18 17:00:00'),
(414, 30.30, '0014.4F01.0000.77A7', 3, '2014-10-18 17:00:00'),
(415, 26.90, '0014.4F01.0000.7827', 1, '2014-10-18 18:00:00'),
(416, 28.60, '0014.4F01.0000.76FF', 2, '2014-10-18 18:00:00'),
(417, 28.90, '0014.4F01.0000.77A7', 3, '2014-10-18 18:00:00'),
(418, 27.30, '0014.4F01.0000.7827', 1, '2014-10-18 19:00:00'),
(419, 30.10, '0014.4F01.0000.76FF', 2, '2014-10-18 19:00:00'),
(420, 28.40, '0014.4F01.0000.77A7', 3, '2014-10-18 19:00:00'),
(421, 27.40, '0014.4F01.0000.7827', 1, '2014-10-18 20:00:00'),
(422, 28.60, '0014.4F01.0000.76FF', 2, '2014-10-18 20:00:00'),
(423, 27.90, '0014.4F01.0000.77A7', 3, '2014-10-18 20:00:00'),
(424, 30.10, '0014.4F01.0000.7827', 1, '2014-10-18 21:00:00'),
(425, 30.10, '0014.4F01.0000.76FF', 2, '2014-10-18 21:00:00'),
(426, 26.70, '0014.4F01.0000.77A7', 3, '2014-10-18 21:00:00'),
(427, 29.40, '0014.4F01.0000.7827', 1, '2014-10-18 22:00:00'),
(428, 26.90, '0014.4F01.0000.76FF', 2, '2014-10-18 22:00:00'),
(429, 29.40, '0014.4F01.0000.77A7', 3, '2014-10-18 22:00:00'),
(430, 30.80, '0014.4F01.0000.7827', 1, '2014-10-18 23:00:00'),
(431, 28.90, '0014.4F01.0000.76FF', 2, '2014-10-18 23:00:00'),
(432, 29.70, '0014.4F01.0000.77A7', 3, '2014-10-18 23:00:00'),
(433, 26.70, '0014.4F01.0000.7827', 1, '2014-10-19 00:00:00'),
(434, 27.00, '0014.4F01.0000.76FF', 2, '2014-10-19 00:00:00'),
(435, 26.20, '0014.4F01.0000.77A7', 3, '2014-10-19 00:00:00'),
(436, 29.00, '0014.4F01.0000.7827', 1, '2014-10-19 01:00:00'),
(437, 28.20, '0014.4F01.0000.76FF', 2, '2014-10-19 01:00:00'),
(438, 26.10, '0014.4F01.0000.77A7', 3, '2014-10-19 01:00:00'),
(439, 29.30, '0014.4F01.0000.7827', 1, '2014-10-19 02:00:00'),
(440, 30.60, '0014.4F01.0000.76FF', 2, '2014-10-19 02:00:00'),
(441, 28.40, '0014.4F01.0000.77A7', 3, '2014-10-19 02:00:00'),
(442, 29.80, '0014.4F01.0000.7827', 1, '2014-10-19 03:00:00'),
(443, 29.40, '0014.4F01.0000.76FF', 2, '2014-10-19 03:00:00'),
(444, 26.30, '0014.4F01.0000.77A7', 3, '2014-10-19 03:00:00'),
(445, 26.10, '0014.4F01.0000.7827', 1, '2014-10-19 04:00:00'),
(446, 27.20, '0014.4F01.0000.76FF', 2, '2014-10-19 04:00:00'),
(447, 31.00, '0014.4F01.0000.77A7', 3, '2014-10-19 04:00:00'),
(448, 29.00, '0014.4F01.0000.7827', 1, '2014-10-19 05:00:00'),
(449, 27.60, '0014.4F01.0000.76FF', 2, '2014-10-19 05:00:00'),
(450, 29.10, '0014.4F01.0000.77A7', 3, '2014-10-19 05:00:00'),
(451, 29.50, '0014.4F01.0000.7827', 1, '2014-10-19 06:00:00'),
(452, 28.00, '0014.4F01.0000.76FF', 2, '2014-10-19 06:00:00'),
(453, 30.80, '0014.4F01.0000.77A7', 3, '2014-10-19 06:00:00'),
(454, 27.30, '0014.4F01.0000.7827', 1, '2014-10-19 07:00:00'),
(455, 28.10, '0014.4F01.0000.76FF', 2, '2014-10-19 07:00:00'),
(456, 31.00, '0014.4F01.0000.77A7', 3, '2014-10-19 07:00:00'),
(457, 30.00, '0014.4F01.0000.7827', 1, '2014-10-19 08:00:00'),
(458, 29.50, '0014.4F01.0000.76FF', 2, '2014-10-19 08:00:00'),
(459, 27.80, '0014.4F01.0000.77A7', 3, '2014-10-19 08:00:00'),
(460, 30.40, '0014.4F01.0000.7827', 1, '2014-10-19 09:00:00'),
(461, 27.30, '0014.4F01.0000.76FF', 2, '2014-10-19 09:00:00'),
(462, 27.60, '0014.4F01.0000.77A7', 3, '2014-10-19 09:00:00'),
(463, 26.00, '0014.4F01.0000.7827', 1, '2014-10-19 10:00:00'),
(464, 31.00, '0014.4F01.0000.76FF', 2, '2014-10-19 10:00:00'),
(465, 30.50, '0014.4F01.0000.77A7', 3, '2014-10-19 10:00:00'),
(466, 26.30, '0014.4F01.0000.7827', 1, '2014-10-19 11:00:00'),
(467, 30.00, '0014.4F01.0000.76FF', 2, '2014-10-19 11:00:00'),
(468, 27.80, '0014.4F01.0000.77A7', 3, '2014-10-19 11:00:00'),
(469, 27.50, '0014.4F01.0000.7827', 1, '2014-10-19 12:00:00'),
(470, 26.40, '0014.4F01.0000.76FF', 2, '2014-10-19 12:00:00'),
(471, 29.30, '0014.4F01.0000.77A7', 3, '2014-10-19 12:00:00'),
(472, 30.90, '0014.4F01.0000.7827', 1, '2014-10-19 13:00:00'),
(473, 27.20, '0014.4F01.0000.76FF', 2, '2014-10-19 13:00:00'),
(474, 29.80, '0014.4F01.0000.77A7', 3, '2014-10-19 13:00:00'),
(475, 26.20, '0014.4F01.0000.7827', 1, '2014-10-19 14:00:00'),
(476, 27.30, '0014.4F01.0000.76FF', 2, '2014-10-19 14:00:00'),
(477, 30.00, '0014.4F01.0000.77A7', 3, '2014-10-19 14:00:00'),
(478, 27.10, '0014.4F01.0000.7827', 1, '2014-10-19 15:00:00'),
(479, 26.40, '0014.4F01.0000.76FF', 2, '2014-10-19 15:00:00'),
(480, 27.60, '0014.4F01.0000.77A7', 3, '2014-10-19 15:00:00'),
(481, 27.30, '0014.4F01.0000.7827', 1, '2014-10-19 16:00:00'),
(482, 27.90, '0014.4F01.0000.76FF', 2, '2014-10-19 16:00:00'),
(483, 29.60, '0014.4F01.0000.77A7', 3, '2014-10-19 16:00:00'),
(484, 28.00, '0014.4F01.0000.7827', 1, '2014-10-19 17:00:00'),
(485, 28.20, '0014.4F01.0000.76FF', 2, '2014-10-19 17:00:00'),
(486, 30.70, '0014.4F01.0000.77A7', 3, '2014-10-19 17:00:00'),
(487, 30.00, '0014.4F01.0000.7827', 1, '2014-10-19 18:00:00'),
(488, 28.20, '0014.4F01.0000.76FF', 2, '2014-10-19 18:00:00'),
(489, 27.20, '0014.4F01.0000.77A7', 3, '2014-10-19 18:00:00'),
(490, 30.80, '0014.4F01.0000.7827', 1, '2014-10-19 19:00:00'),
(491, 28.60, '0014.4F01.0000.76FF', 2, '2014-10-19 19:00:00'),
(492, 30.50, '0014.4F01.0000.77A7', 3, '2014-10-19 19:00:00');

-- --------------------------------------------------------

--
-- Table structure for table `Light`
--

CREATE TABLE IF NOT EXISTS `Light` (
  `id` int(10) unsigned NOT NULL AUTO_INCREMENT,
  `light_intensity` int(11) NOT NULL,
  `spot_address` varchar(255) COLLATE utf8_unicode_ci NOT NULL DEFAULT '0000.0000.0000.0000',
  `zone_id` int(10) unsigned NOT NULL DEFAULT '0',
  `created_at` timestamp NOT NULL DEFAULT '0000-00-00 00:00:00',
  PRIMARY KEY (`id`),
  KEY `light_zone_id_foreign` (`zone_id`)
) ENGINE=InnoDB  DEFAULT CHARSET=utf8 COLLATE=utf8_unicode_ci AUTO_INCREMENT=493 ;

--
-- Dumping data for table `Light`
--

INSERT INTO `Light` (`id`, `light_intensity`, `spot_address`, `zone_id`, `created_at`) VALUES
(1, 73, '0014.4F01.0000.7827', 1, '2014-10-13 00:00:00'),
(2, 79, '0014.4F01.0000.76FF', 2, '2014-10-13 00:00:00'),
(3, 31, '0014.4F01.0000.77A7', 3, '2014-10-13 00:00:00'),
(4, 75, '0014.4F01.0000.7827', 1, '2014-10-13 01:00:00'),
(5, 77, '0014.4F01.0000.76FF', 2, '2014-10-13 01:00:00'),
(6, 62, '0014.4F01.0000.77A7', 3, '2014-10-13 01:00:00'),
(7, 73, '0014.4F01.0000.7827', 1, '2014-10-13 02:00:00'),
(8, 54, '0014.4F01.0000.76FF', 2, '2014-10-13 02:00:00'),
(9, 78, '0014.4F01.0000.77A7', 3, '2014-10-13 02:00:00'),
(10, 79, '0014.4F01.0000.7827', 1, '2014-10-13 03:00:00'),
(11, 47, '0014.4F01.0000.76FF', 2, '2014-10-13 03:00:00'),
(12, 79, '0014.4F01.0000.77A7', 3, '2014-10-13 03:00:00'),
(13, 34, '0014.4F01.0000.7827', 1, '2014-10-13 04:00:00'),
(14, 57, '0014.4F01.0000.76FF', 2, '2014-10-13 04:00:00'),
(15, 67, '0014.4F01.0000.77A7', 3, '2014-10-13 04:00:00'),
(16, 66, '0014.4F01.0000.7827', 1, '2014-10-13 05:00:00'),
(17, 73, '0014.4F01.0000.76FF', 2, '2014-10-13 05:00:00'),
(18, 59, '0014.4F01.0000.77A7', 3, '2014-10-13 05:00:00'),
(19, 42, '0014.4F01.0000.7827', 1, '2014-10-13 06:00:00'),
(20, 44, '0014.4F01.0000.76FF', 2, '2014-10-13 06:00:00'),
(21, 60, '0014.4F01.0000.77A7', 3, '2014-10-13 06:00:00'),
(22, 59, '0014.4F01.0000.7827', 1, '2014-10-13 07:00:00'),
(23, 50, '0014.4F01.0000.76FF', 2, '2014-10-13 07:00:00'),
(24, 76, '0014.4F01.0000.77A7', 3, '2014-10-13 07:00:00'),
(25, 73, '0014.4F01.0000.7827', 1, '2014-10-13 08:00:00'),
(26, 41, '0014.4F01.0000.76FF', 2, '2014-10-13 08:00:00'),
(27, 55, '0014.4F01.0000.77A7', 3, '2014-10-13 08:00:00'),
(28, 46, '0014.4F01.0000.7827', 1, '2014-10-13 09:00:00'),
(29, 45, '0014.4F01.0000.76FF', 2, '2014-10-13 09:00:00'),
(30, 47, '0014.4F01.0000.77A7', 3, '2014-10-13 09:00:00'),
(31, 49, '0014.4F01.0000.7827', 1, '2014-10-13 10:00:00'),
(32, 48, '0014.4F01.0000.76FF', 2, '2014-10-13 10:00:00'),
(33, 73, '0014.4F01.0000.77A7', 3, '2014-10-13 10:00:00'),
(34, 40, '0014.4F01.0000.7827', 1, '2014-10-13 11:00:00'),
(35, 40, '0014.4F01.0000.76FF', 2, '2014-10-13 11:00:00'),
(36, 47, '0014.4F01.0000.77A7', 3, '2014-10-13 11:00:00'),
(37, 69, '0014.4F01.0000.7827', 1, '2014-10-13 12:00:00'),
(38, 67, '0014.4F01.0000.76FF', 2, '2014-10-13 12:00:00'),
(39, 45, '0014.4F01.0000.77A7', 3, '2014-10-13 12:00:00'),
(40, 61, '0014.4F01.0000.7827', 1, '2014-10-13 13:00:00'),
(41, 35, '0014.4F01.0000.76FF', 2, '2014-10-13 13:00:00'),
(42, 31, '0014.4F01.0000.77A7', 3, '2014-10-13 13:00:00'),
(43, 52, '0014.4F01.0000.7827', 1, '2014-10-13 14:00:00'),
(44, 53, '0014.4F01.0000.76FF', 2, '2014-10-13 14:00:00'),
(45, 69, '0014.4F01.0000.77A7', 3, '2014-10-13 14:00:00'),
(46, 77, '0014.4F01.0000.7827', 1, '2014-10-13 15:00:00'),
(47, 62, '0014.4F01.0000.76FF', 2, '2014-10-13 15:00:00'),
(48, 57, '0014.4F01.0000.77A7', 3, '2014-10-13 15:00:00'),
(49, 52, '0014.4F01.0000.7827', 1, '2014-10-13 16:00:00'),
(50, 57, '0014.4F01.0000.76FF', 2, '2014-10-13 16:00:00'),
(51, 55, '0014.4F01.0000.77A7', 3, '2014-10-13 16:00:00'),
(52, 58, '0014.4F01.0000.7827', 1, '2014-10-13 17:00:00'),
(53, 39, '0014.4F01.0000.76FF', 2, '2014-10-13 17:00:00'),
(54, 55, '0014.4F01.0000.77A7', 3, '2014-10-13 17:00:00'),
(55, 53, '0014.4F01.0000.7827', 1, '2014-10-13 18:00:00'),
(56, 43, '0014.4F01.0000.76FF', 2, '2014-10-13 18:00:00'),
(57, 70, '0014.4F01.0000.77A7', 3, '2014-10-13 18:00:00'),
(58, 48, '0014.4F01.0000.7827', 1, '2014-10-13 19:00:00'),
(59, 51, '0014.4F01.0000.76FF', 2, '2014-10-13 19:00:00'),
(60, 47, '0014.4F01.0000.77A7', 3, '2014-10-13 19:00:00'),
(61, 44, '0014.4F01.0000.7827', 1, '2014-10-13 20:00:00'),
(62, 78, '0014.4F01.0000.76FF', 2, '2014-10-13 20:00:00'),
(63, 37, '0014.4F01.0000.77A7', 3, '2014-10-13 20:00:00'),
(64, 52, '0014.4F01.0000.7827', 1, '2014-10-13 21:00:00'),
(65, 77, '0014.4F01.0000.76FF', 2, '2014-10-13 21:00:00'),
(66, 74, '0014.4F01.0000.77A7', 3, '2014-10-13 21:00:00'),
(67, 75, '0014.4F01.0000.7827', 1, '2014-10-13 22:00:00'),
(68, 42, '0014.4F01.0000.76FF', 2, '2014-10-13 22:00:00'),
(69, 45, '0014.4F01.0000.77A7', 3, '2014-10-13 22:00:00'),
(70, 57, '0014.4F01.0000.7827', 1, '2014-10-13 23:00:00'),
(71, 59, '0014.4F01.0000.76FF', 2, '2014-10-13 23:00:00'),
(72, 41, '0014.4F01.0000.77A7', 3, '2014-10-13 23:00:00'),
(73, 49, '0014.4F01.0000.7827', 1, '2014-10-14 00:00:00'),
(74, 71, '0014.4F01.0000.76FF', 2, '2014-10-14 00:00:00'),
(75, 65, '0014.4F01.0000.77A7', 3, '2014-10-14 00:00:00'),
(76, 36, '0014.4F01.0000.7827', 1, '2014-10-14 01:00:00'),
(77, 37, '0014.4F01.0000.76FF', 2, '2014-10-14 01:00:00'),
(78, 49, '0014.4F01.0000.77A7', 3, '2014-10-14 01:00:00'),
(79, 65, '0014.4F01.0000.7827', 1, '2014-10-14 02:00:00'),
(80, 64, '0014.4F01.0000.76FF', 2, '2014-10-14 02:00:00'),
(81, 56, '0014.4F01.0000.77A7', 3, '2014-10-14 02:00:00'),
(82, 78, '0014.4F01.0000.7827', 1, '2014-10-14 03:00:00'),
(83, 63, '0014.4F01.0000.76FF', 2, '2014-10-14 03:00:00'),
(84, 75, '0014.4F01.0000.77A7', 3, '2014-10-14 03:00:00'),
(85, 44, '0014.4F01.0000.7827', 1, '2014-10-14 04:00:00'),
(86, 60, '0014.4F01.0000.76FF', 2, '2014-10-14 04:00:00'),
(87, 65, '0014.4F01.0000.77A7', 3, '2014-10-14 04:00:00'),
(88, 40, '0014.4F01.0000.7827', 1, '2014-10-14 05:00:00'),
(89, 74, '0014.4F01.0000.76FF', 2, '2014-10-14 05:00:00'),
(90, 73, '0014.4F01.0000.77A7', 3, '2014-10-14 05:00:00'),
(91, 37, '0014.4F01.0000.7827', 1, '2014-10-14 06:00:00'),
(92, 63, '0014.4F01.0000.76FF', 2, '2014-10-14 06:00:00'),
(93, 65, '0014.4F01.0000.77A7', 3, '2014-10-14 06:00:00'),
(94, 60, '0014.4F01.0000.7827', 1, '2014-10-14 07:00:00'),
(95, 54, '0014.4F01.0000.76FF', 2, '2014-10-14 07:00:00'),
(96, 37, '0014.4F01.0000.77A7', 3, '2014-10-14 07:00:00'),
(97, 64, '0014.4F01.0000.7827', 1, '2014-10-14 08:00:00'),
(98, 48, '0014.4F01.0000.76FF', 2, '2014-10-14 08:00:00'),
(99, 50, '0014.4F01.0000.77A7', 3, '2014-10-14 08:00:00'),
(100, 43, '0014.4F01.0000.7827', 1, '2014-10-14 09:00:00'),
(101, 30, '0014.4F01.0000.76FF', 2, '2014-10-14 09:00:00'),
(102, 80, '0014.4F01.0000.77A7', 3, '2014-10-14 09:00:00'),
(103, 58, '0014.4F01.0000.7827', 1, '2014-10-14 10:00:00'),
(104, 54, '0014.4F01.0000.76FF', 2, '2014-10-14 10:00:00'),
(105, 51, '0014.4F01.0000.77A7', 3, '2014-10-14 10:00:00'),
(106, 60, '0014.4F01.0000.7827', 1, '2014-10-14 11:00:00'),
(107, 56, '0014.4F01.0000.76FF', 2, '2014-10-14 11:00:00'),
(108, 31, '0014.4F01.0000.77A7', 3, '2014-10-14 11:00:00'),
(109, 36, '0014.4F01.0000.7827', 1, '2014-10-14 12:00:00'),
(110, 35, '0014.4F01.0000.76FF', 2, '2014-10-14 12:00:00'),
(111, 76, '0014.4F01.0000.77A7', 3, '2014-10-14 12:00:00'),
(112, 41, '0014.4F01.0000.7827', 1, '2014-10-14 13:00:00'),
(113, 71, '0014.4F01.0000.76FF', 2, '2014-10-14 13:00:00'),
(114, 47, '0014.4F01.0000.77A7', 3, '2014-10-14 13:00:00'),
(115, 70, '0014.4F01.0000.7827', 1, '2014-10-14 14:00:00'),
(116, 58, '0014.4F01.0000.76FF', 2, '2014-10-14 14:00:00'),
(117, 46, '0014.4F01.0000.77A7', 3, '2014-10-14 14:00:00'),
(118, 63, '0014.4F01.0000.7827', 1, '2014-10-14 15:00:00'),
(119, 76, '0014.4F01.0000.76FF', 2, '2014-10-14 15:00:00'),
(120, 71, '0014.4F01.0000.77A7', 3, '2014-10-14 15:00:00'),
(121, 51, '0014.4F01.0000.7827', 1, '2014-10-14 16:00:00'),
(122, 69, '0014.4F01.0000.76FF', 2, '2014-10-14 16:00:00'),
(123, 38, '0014.4F01.0000.77A7', 3, '2014-10-14 16:00:00'),
(124, 48, '0014.4F01.0000.7827', 1, '2014-10-14 17:00:00'),
(125, 51, '0014.4F01.0000.76FF', 2, '2014-10-14 17:00:00'),
(126, 44, '0014.4F01.0000.77A7', 3, '2014-10-14 17:00:00'),
(127, 43, '0014.4F01.0000.7827', 1, '2014-10-14 18:00:00'),
(128, 66, '0014.4F01.0000.76FF', 2, '2014-10-14 18:00:00'),
(129, 69, '0014.4F01.0000.77A7', 3, '2014-10-14 18:00:00'),
(130, 33, '0014.4F01.0000.7827', 1, '2014-10-14 19:00:00'),
(131, 61, '0014.4F01.0000.76FF', 2, '2014-10-14 19:00:00'),
(132, 32, '0014.4F01.0000.77A7', 3, '2014-10-14 19:00:00'),
(133, 34, '0014.4F01.0000.7827', 1, '2014-10-14 20:00:00'),
(134, 55, '0014.4F01.0000.76FF', 2, '2014-10-14 20:00:00'),
(135, 59, '0014.4F01.0000.77A7', 3, '2014-10-14 20:00:00'),
(136, 58, '0014.4F01.0000.7827', 1, '2014-10-14 21:00:00'),
(137, 76, '0014.4F01.0000.76FF', 2, '2014-10-14 21:00:00'),
(138, 61, '0014.4F01.0000.77A7', 3, '2014-10-14 21:00:00'),
(139, 47, '0014.4F01.0000.7827', 1, '2014-10-14 22:00:00'),
(140, 57, '0014.4F01.0000.76FF', 2, '2014-10-14 22:00:00'),
(141, 64, '0014.4F01.0000.77A7', 3, '2014-10-14 22:00:00'),
(142, 57, '0014.4F01.0000.7827', 1, '2014-10-14 23:00:00'),
(143, 60, '0014.4F01.0000.76FF', 2, '2014-10-14 23:00:00'),
(144, 75, '0014.4F01.0000.77A7', 3, '2014-10-14 23:00:00'),
(145, 79, '0014.4F01.0000.7827', 1, '2014-10-15 00:00:00'),
(146, 50, '0014.4F01.0000.76FF', 2, '2014-10-15 00:00:00'),
(147, 80, '0014.4F01.0000.77A7', 3, '2014-10-15 00:00:00'),
(148, 78, '0014.4F01.0000.7827', 1, '2014-10-15 01:00:00'),
(149, 61, '0014.4F01.0000.76FF', 2, '2014-10-15 01:00:00'),
(150, 79, '0014.4F01.0000.77A7', 3, '2014-10-15 01:00:00'),
(151, 55, '0014.4F01.0000.7827', 1, '2014-10-15 02:00:00'),
(152, 61, '0014.4F01.0000.76FF', 2, '2014-10-15 02:00:00'),
(153, 52, '0014.4F01.0000.77A7', 3, '2014-10-15 02:00:00'),
(154, 68, '0014.4F01.0000.7827', 1, '2014-10-15 03:00:00'),
(155, 31, '0014.4F01.0000.76FF', 2, '2014-10-15 03:00:00'),
(156, 34, '0014.4F01.0000.77A7', 3, '2014-10-15 03:00:00'),
(157, 59, '0014.4F01.0000.7827', 1, '2014-10-15 04:00:00'),
(158, 63, '0014.4F01.0000.76FF', 2, '2014-10-15 04:00:00'),
(159, 40, '0014.4F01.0000.77A7', 3, '2014-10-15 04:00:00'),
(160, 53, '0014.4F01.0000.7827', 1, '2014-10-15 05:00:00'),
(161, 71, '0014.4F01.0000.76FF', 2, '2014-10-15 05:00:00'),
(162, 36, '0014.4F01.0000.77A7', 3, '2014-10-15 05:00:00'),
(163, 78, '0014.4F01.0000.7827', 1, '2014-10-15 06:00:00'),
(164, 63, '0014.4F01.0000.76FF', 2, '2014-10-15 06:00:00'),
(165, 32, '0014.4F01.0000.77A7', 3, '2014-10-15 06:00:00'),
(166, 77, '0014.4F01.0000.7827', 1, '2014-10-15 07:00:00'),
(167, 73, '0014.4F01.0000.76FF', 2, '2014-10-15 07:00:00'),
(168, 62, '0014.4F01.0000.77A7', 3, '2014-10-15 07:00:00'),
(169, 65, '0014.4F01.0000.7827', 1, '2014-10-15 08:00:00'),
(170, 60, '0014.4F01.0000.76FF', 2, '2014-10-15 08:00:00'),
(171, 78, '0014.4F01.0000.77A7', 3, '2014-10-15 08:00:00'),
(172, 53, '0014.4F01.0000.7827', 1, '2014-10-15 09:00:00'),
(173, 43, '0014.4F01.0000.76FF', 2, '2014-10-15 09:00:00'),
(174, 74, '0014.4F01.0000.77A7', 3, '2014-10-15 09:00:00'),
(175, 65, '0014.4F01.0000.7827', 1, '2014-10-15 10:00:00'),
(176, 39, '0014.4F01.0000.76FF', 2, '2014-10-15 10:00:00'),
(177, 43, '0014.4F01.0000.77A7', 3, '2014-10-15 10:00:00'),
(178, 58, '0014.4F01.0000.7827', 1, '2014-10-15 11:00:00'),
(179, 42, '0014.4F01.0000.76FF', 2, '2014-10-15 11:00:00'),
(180, 53, '0014.4F01.0000.77A7', 3, '2014-10-15 11:00:00'),
(181, 36, '0014.4F01.0000.7827', 1, '2014-10-15 12:00:00'),
(182, 35, '0014.4F01.0000.76FF', 2, '2014-10-15 12:00:00'),
(183, 73, '0014.4F01.0000.77A7', 3, '2014-10-15 12:00:00'),
(184, 35, '0014.4F01.0000.7827', 1, '2014-10-15 13:00:00'),
(185, 59, '0014.4F01.0000.76FF', 2, '2014-10-15 13:00:00'),
(186, 38, '0014.4F01.0000.77A7', 3, '2014-10-15 13:00:00'),
(187, 55, '0014.4F01.0000.7827', 1, '2014-10-15 14:00:00'),
(188, 39, '0014.4F01.0000.76FF', 2, '2014-10-15 14:00:00'),
(189, 42, '0014.4F01.0000.77A7', 3, '2014-10-15 14:00:00'),
(190, 70, '0014.4F01.0000.7827', 1, '2014-10-15 15:00:00'),
(191, 37, '0014.4F01.0000.76FF', 2, '2014-10-15 15:00:00'),
(192, 66, '0014.4F01.0000.77A7', 3, '2014-10-15 15:00:00'),
(193, 63, '0014.4F01.0000.7827', 1, '2014-10-15 16:00:00'),
(194, 75, '0014.4F01.0000.76FF', 2, '2014-10-15 16:00:00'),
(195, 78, '0014.4F01.0000.77A7', 3, '2014-10-15 16:00:00'),
(196, 35, '0014.4F01.0000.7827', 1, '2014-10-15 17:00:00'),
(197, 66, '0014.4F01.0000.76FF', 2, '2014-10-15 17:00:00'),
(198, 40, '0014.4F01.0000.77A7', 3, '2014-10-15 17:00:00'),
(199, 69, '0014.4F01.0000.7827', 1, '2014-10-15 18:00:00'),
(200, 61, '0014.4F01.0000.76FF', 2, '2014-10-15 18:00:00'),
(201, 62, '0014.4F01.0000.77A7', 3, '2014-10-15 18:00:00'),
(202, 78, '0014.4F01.0000.7827', 1, '2014-10-15 19:00:00'),
(203, 34, '0014.4F01.0000.76FF', 2, '2014-10-15 19:00:00'),
(204, 36, '0014.4F01.0000.77A7', 3, '2014-10-15 19:00:00'),
(205, 54, '0014.4F01.0000.7827', 1, '2014-10-15 20:00:00'),
(206, 63, '0014.4F01.0000.76FF', 2, '2014-10-15 20:00:00'),
(207, 76, '0014.4F01.0000.77A7', 3, '2014-10-15 20:00:00'),
(208, 30, '0014.4F01.0000.7827', 1, '2014-10-15 21:00:00'),
(209, 38, '0014.4F01.0000.76FF', 2, '2014-10-15 21:00:00'),
(210, 63, '0014.4F01.0000.77A7', 3, '2014-10-15 21:00:00'),
(211, 40, '0014.4F01.0000.7827', 1, '2014-10-15 22:00:00'),
(212, 37, '0014.4F01.0000.76FF', 2, '2014-10-15 22:00:00'),
(213, 38, '0014.4F01.0000.77A7', 3, '2014-10-15 22:00:00'),
(214, 55, '0014.4F01.0000.7827', 1, '2014-10-15 23:00:00'),
(215, 41, '0014.4F01.0000.76FF', 2, '2014-10-15 23:00:00'),
(216, 42, '0014.4F01.0000.77A7', 3, '2014-10-15 23:00:00'),
(217, 45, '0014.4F01.0000.7827', 1, '2014-10-16 00:00:00'),
(218, 48, '0014.4F01.0000.76FF', 2, '2014-10-16 00:00:00'),
(219, 80, '0014.4F01.0000.77A7', 3, '2014-10-16 00:00:00'),
(220, 79, '0014.4F01.0000.7827', 1, '2014-10-16 01:00:00'),
(221, 39, '0014.4F01.0000.76FF', 2, '2014-10-16 01:00:00'),
(222, 78, '0014.4F01.0000.77A7', 3, '2014-10-16 01:00:00'),
(223, 76, '0014.4F01.0000.7827', 1, '2014-10-16 02:00:00'),
(224, 50, '0014.4F01.0000.76FF', 2, '2014-10-16 02:00:00'),
(225, 57, '0014.4F01.0000.77A7', 3, '2014-10-16 02:00:00'),
(226, 68, '0014.4F01.0000.7827', 1, '2014-10-16 03:00:00'),
(227, 60, '0014.4F01.0000.76FF', 2, '2014-10-16 03:00:00'),
(228, 68, '0014.4F01.0000.77A7', 3, '2014-10-16 03:00:00'),
(229, 46, '0014.4F01.0000.7827', 1, '2014-10-16 04:00:00'),
(230, 47, '0014.4F01.0000.76FF', 2, '2014-10-16 04:00:00'),
(231, 71, '0014.4F01.0000.77A7', 3, '2014-10-16 04:00:00'),
(232, 69, '0014.4F01.0000.7827', 1, '2014-10-16 05:00:00'),
(233, 51, '0014.4F01.0000.76FF', 2, '2014-10-16 05:00:00'),
(234, 43, '0014.4F01.0000.77A7', 3, '2014-10-16 05:00:00'),
(235, 74, '0014.4F01.0000.7827', 1, '2014-10-16 06:00:00'),
(236, 58, '0014.4F01.0000.76FF', 2, '2014-10-16 06:00:00'),
(237, 62, '0014.4F01.0000.77A7', 3, '2014-10-16 06:00:00'),
(238, 55, '0014.4F01.0000.7827', 1, '2014-10-16 07:00:00'),
(239, 32, '0014.4F01.0000.76FF', 2, '2014-10-16 07:00:00'),
(240, 37, '0014.4F01.0000.77A7', 3, '2014-10-16 07:00:00'),
(241, 47, '0014.4F01.0000.7827', 1, '2014-10-16 08:00:00'),
(242, 63, '0014.4F01.0000.76FF', 2, '2014-10-16 08:00:00'),
(243, 52, '0014.4F01.0000.77A7', 3, '2014-10-16 08:00:00'),
(244, 54, '0014.4F01.0000.7827', 1, '2014-10-16 09:00:00'),
(245, 40, '0014.4F01.0000.76FF', 2, '2014-10-16 09:00:00'),
(246, 78, '0014.4F01.0000.77A7', 3, '2014-10-16 09:00:00'),
(247, 54, '0014.4F01.0000.7827', 1, '2014-10-16 10:00:00'),
(248, 37, '0014.4F01.0000.76FF', 2, '2014-10-16 10:00:00'),
(249, 37, '0014.4F01.0000.77A7', 3, '2014-10-16 10:00:00'),
(250, 33, '0014.4F01.0000.7827', 1, '2014-10-16 11:00:00'),
(251, 44, '0014.4F01.0000.76FF', 2, '2014-10-16 11:00:00'),
(252, 37, '0014.4F01.0000.77A7', 3, '2014-10-16 11:00:00'),
(253, 35, '0014.4F01.0000.7827', 1, '2014-10-16 12:00:00'),
(254, 74, '0014.4F01.0000.76FF', 2, '2014-10-16 12:00:00'),
(255, 69, '0014.4F01.0000.77A7', 3, '2014-10-16 12:00:00'),
(256, 77, '0014.4F01.0000.7827', 1, '2014-10-16 13:00:00'),
(257, 48, '0014.4F01.0000.76FF', 2, '2014-10-16 13:00:00'),
(258, 78, '0014.4F01.0000.77A7', 3, '2014-10-16 13:00:00'),
(259, 31, '0014.4F01.0000.7827', 1, '2014-10-16 14:00:00'),
(260, 61, '0014.4F01.0000.76FF', 2, '2014-10-16 14:00:00'),
(261, 69, '0014.4F01.0000.77A7', 3, '2014-10-16 14:00:00'),
(262, 77, '0014.4F01.0000.7827', 1, '2014-10-16 15:00:00'),
(263, 76, '0014.4F01.0000.76FF', 2, '2014-10-16 15:00:00'),
(264, 43, '0014.4F01.0000.77A7', 3, '2014-10-16 15:00:00'),
(265, 30, '0014.4F01.0000.7827', 1, '2014-10-16 16:00:00'),
(266, 64, '0014.4F01.0000.76FF', 2, '2014-10-16 16:00:00'),
(267, 77, '0014.4F01.0000.77A7', 3, '2014-10-16 16:00:00'),
(268, 71, '0014.4F01.0000.7827', 1, '2014-10-16 17:00:00'),
(269, 78, '0014.4F01.0000.76FF', 2, '2014-10-16 17:00:00'),
(270, 68, '0014.4F01.0000.77A7', 3, '2014-10-16 17:00:00'),
(271, 75, '0014.4F01.0000.7827', 1, '2014-10-16 18:00:00'),
(272, 34, '0014.4F01.0000.76FF', 2, '2014-10-16 18:00:00'),
(273, 59, '0014.4F01.0000.77A7', 3, '2014-10-16 18:00:00'),
(274, 57, '0014.4F01.0000.7827', 1, '2014-10-16 19:00:00'),
(275, 71, '0014.4F01.0000.76FF', 2, '2014-10-16 19:00:00'),
(276, 45, '0014.4F01.0000.77A7', 3, '2014-10-16 19:00:00'),
(277, 77, '0014.4F01.0000.7827', 1, '2014-10-16 20:00:00'),
(278, 50, '0014.4F01.0000.76FF', 2, '2014-10-16 20:00:00'),
(279, 47, '0014.4F01.0000.77A7', 3, '2014-10-16 20:00:00'),
(280, 41, '0014.4F01.0000.7827', 1, '2014-10-16 21:00:00'),
(281, 40, '0014.4F01.0000.76FF', 2, '2014-10-16 21:00:00'),
(282, 49, '0014.4F01.0000.77A7', 3, '2014-10-16 21:00:00'),
(283, 61, '0014.4F01.0000.7827', 1, '2014-10-16 22:00:00'),
(284, 51, '0014.4F01.0000.76FF', 2, '2014-10-16 22:00:00'),
(285, 62, '0014.4F01.0000.77A7', 3, '2014-10-16 22:00:00'),
(286, 72, '0014.4F01.0000.7827', 1, '2014-10-16 23:00:00'),
(287, 42, '0014.4F01.0000.76FF', 2, '2014-10-16 23:00:00'),
(288, 75, '0014.4F01.0000.77A7', 3, '2014-10-16 23:00:00'),
(289, 31, '0014.4F01.0000.7827', 1, '2014-10-17 00:00:00'),
(290, 47, '0014.4F01.0000.76FF', 2, '2014-10-17 00:00:00'),
(291, 38, '0014.4F01.0000.77A7', 3, '2014-10-17 00:00:00'),
(292, 72, '0014.4F01.0000.7827', 1, '2014-10-17 01:00:00'),
(293, 44, '0014.4F01.0000.76FF', 2, '2014-10-17 01:00:00'),
(294, 55, '0014.4F01.0000.77A7', 3, '2014-10-17 01:00:00'),
(295, 64, '0014.4F01.0000.7827', 1, '2014-10-17 02:00:00'),
(296, 55, '0014.4F01.0000.76FF', 2, '2014-10-17 02:00:00'),
(297, 36, '0014.4F01.0000.77A7', 3, '2014-10-17 02:00:00'),
(298, 50, '0014.4F01.0000.7827', 1, '2014-10-17 03:00:00'),
(299, 64, '0014.4F01.0000.76FF', 2, '2014-10-17 03:00:00'),
(300, 31, '0014.4F01.0000.77A7', 3, '2014-10-17 03:00:00'),
(301, 38, '0014.4F01.0000.7827', 1, '2014-10-17 04:00:00'),
(302, 32, '0014.4F01.0000.76FF', 2, '2014-10-17 04:00:00'),
(303, 52, '0014.4F01.0000.77A7', 3, '2014-10-17 04:00:00'),
(304, 50, '0014.4F01.0000.7827', 1, '2014-10-17 05:00:00'),
(305, 53, '0014.4F01.0000.76FF', 2, '2014-10-17 05:00:00'),
(306, 31, '0014.4F01.0000.77A7', 3, '2014-10-17 05:00:00'),
(307, 57, '0014.4F01.0000.7827', 1, '2014-10-17 06:00:00'),
(308, 51, '0014.4F01.0000.76FF', 2, '2014-10-17 06:00:00'),
(309, 39, '0014.4F01.0000.77A7', 3, '2014-10-17 06:00:00'),
(310, 55, '0014.4F01.0000.7827', 1, '2014-10-17 07:00:00'),
(311, 78, '0014.4F01.0000.76FF', 2, '2014-10-17 07:00:00'),
(312, 75, '0014.4F01.0000.77A7', 3, '2014-10-17 07:00:00'),
(313, 78, '0014.4F01.0000.7827', 1, '2014-10-17 08:00:00'),
(314, 49, '0014.4F01.0000.76FF', 2, '2014-10-17 08:00:00'),
(315, 46, '0014.4F01.0000.77A7', 3, '2014-10-17 08:00:00'),
(316, 77, '0014.4F01.0000.7827', 1, '2014-10-17 09:00:00'),
(317, 61, '0014.4F01.0000.76FF', 2, '2014-10-17 09:00:00'),
(318, 64, '0014.4F01.0000.77A7', 3, '2014-10-17 09:00:00'),
(319, 38, '0014.4F01.0000.7827', 1, '2014-10-17 10:00:00'),
(320, 56, '0014.4F01.0000.76FF', 2, '2014-10-17 10:00:00'),
(321, 71, '0014.4F01.0000.77A7', 3, '2014-10-17 10:00:00'),
(322, 75, '0014.4F01.0000.7827', 1, '2014-10-17 11:00:00'),
(323, 48, '0014.4F01.0000.76FF', 2, '2014-10-17 11:00:00'),
(324, 42, '0014.4F01.0000.77A7', 3, '2014-10-17 11:00:00'),
(325, 67, '0014.4F01.0000.7827', 1, '2014-10-17 12:00:00'),
(326, 42, '0014.4F01.0000.76FF', 2, '2014-10-17 12:00:00'),
(327, 42, '0014.4F01.0000.77A7', 3, '2014-10-17 12:00:00'),
(328, 66, '0014.4F01.0000.7827', 1, '2014-10-17 13:00:00'),
(329, 80, '0014.4F01.0000.76FF', 2, '2014-10-17 13:00:00'),
(330, 56, '0014.4F01.0000.77A7', 3, '2014-10-17 13:00:00'),
(331, 30, '0014.4F01.0000.7827', 1, '2014-10-17 14:00:00'),
(332, 41, '0014.4F01.0000.76FF', 2, '2014-10-17 14:00:00'),
(333, 78, '0014.4F01.0000.77A7', 3, '2014-10-17 14:00:00'),
(334, 37, '0014.4F01.0000.7827', 1, '2014-10-17 15:00:00'),
(335, 46, '0014.4F01.0000.76FF', 2, '2014-10-17 15:00:00'),
(336, 68, '0014.4F01.0000.77A7', 3, '2014-10-17 15:00:00'),
(337, 51, '0014.4F01.0000.7827', 1, '2014-10-17 16:00:00'),
(338, 33, '0014.4F01.0000.76FF', 2, '2014-10-17 16:00:00'),
(339, 58, '0014.4F01.0000.77A7', 3, '2014-10-17 16:00:00'),
(340, 68, '0014.4F01.0000.7827', 1, '2014-10-17 17:00:00'),
(341, 42, '0014.4F01.0000.76FF', 2, '2014-10-17 17:00:00'),
(342, 68, '0014.4F01.0000.77A7', 3, '2014-10-17 17:00:00'),
(343, 64, '0014.4F01.0000.7827', 1, '2014-10-17 18:00:00'),
(344, 78, '0014.4F01.0000.76FF', 2, '2014-10-17 18:00:00'),
(345, 40, '0014.4F01.0000.77A7', 3, '2014-10-17 18:00:00'),
(346, 63, '0014.4F01.0000.7827', 1, '2014-10-17 19:00:00'),
(347, 72, '0014.4F01.0000.76FF', 2, '2014-10-17 19:00:00'),
(348, 63, '0014.4F01.0000.77A7', 3, '2014-10-17 19:00:00'),
(349, 70, '0014.4F01.0000.7827', 1, '2014-10-17 20:00:00'),
(350, 34, '0014.4F01.0000.76FF', 2, '2014-10-17 20:00:00'),
(351, 47, '0014.4F01.0000.77A7', 3, '2014-10-17 20:00:00'),
(352, 44, '0014.4F01.0000.7827', 1, '2014-10-17 21:00:00'),
(353, 59, '0014.4F01.0000.76FF', 2, '2014-10-17 21:00:00'),
(354, 68, '0014.4F01.0000.77A7', 3, '2014-10-17 21:00:00'),
(355, 77, '0014.4F01.0000.7827', 1, '2014-10-17 22:00:00'),
(356, 79, '0014.4F01.0000.76FF', 2, '2014-10-17 22:00:00'),
(357, 65, '0014.4F01.0000.77A7', 3, '2014-10-17 22:00:00'),
(358, 48, '0014.4F01.0000.7827', 1, '2014-10-17 23:00:00'),
(359, 63, '0014.4F01.0000.76FF', 2, '2014-10-17 23:00:00'),
(360, 56, '0014.4F01.0000.77A7', 3, '2014-10-17 23:00:00'),
(361, 80, '0014.4F01.0000.7827', 1, '2014-10-18 00:00:00'),
(362, 46, '0014.4F01.0000.76FF', 2, '2014-10-18 00:00:00'),
(363, 55, '0014.4F01.0000.77A7', 3, '2014-10-18 00:00:00'),
(364, 73, '0014.4F01.0000.7827', 1, '2014-10-18 01:00:00'),
(365, 54, '0014.4F01.0000.76FF', 2, '2014-10-18 01:00:00'),
(366, 75, '0014.4F01.0000.77A7', 3, '2014-10-18 01:00:00'),
(367, 65, '0014.4F01.0000.7827', 1, '2014-10-18 02:00:00'),
(368, 34, '0014.4F01.0000.76FF', 2, '2014-10-18 02:00:00'),
(369, 61, '0014.4F01.0000.77A7', 3, '2014-10-18 02:00:00'),
(370, 52, '0014.4F01.0000.7827', 1, '2014-10-18 03:00:00'),
(371, 52, '0014.4F01.0000.76FF', 2, '2014-10-18 03:00:00'),
(372, 59, '0014.4F01.0000.77A7', 3, '2014-10-18 03:00:00'),
(373, 39, '0014.4F01.0000.7827', 1, '2014-10-18 04:00:00'),
(374, 38, '0014.4F01.0000.76FF', 2, '2014-10-18 04:00:00'),
(375, 31, '0014.4F01.0000.77A7', 3, '2014-10-18 04:00:00'),
(376, 43, '0014.4F01.0000.7827', 1, '2014-10-18 05:00:00'),
(377, 57, '0014.4F01.0000.76FF', 2, '2014-10-18 05:00:00'),
(378, 43, '0014.4F01.0000.77A7', 3, '2014-10-18 05:00:00'),
(379, 74, '0014.4F01.0000.7827', 1, '2014-10-18 06:00:00'),
(380, 32, '0014.4F01.0000.76FF', 2, '2014-10-18 06:00:00'),
(381, 63, '0014.4F01.0000.77A7', 3, '2014-10-18 06:00:00'),
(382, 43, '0014.4F01.0000.7827', 1, '2014-10-18 07:00:00'),
(383, 63, '0014.4F01.0000.76FF', 2, '2014-10-18 07:00:00'),
(384, 65, '0014.4F01.0000.77A7', 3, '2014-10-18 07:00:00'),
(385, 61, '0014.4F01.0000.7827', 1, '2014-10-18 08:00:00'),
(386, 62, '0014.4F01.0000.76FF', 2, '2014-10-18 08:00:00'),
(387, 71, '0014.4F01.0000.77A7', 3, '2014-10-18 08:00:00'),
(388, 75, '0014.4F01.0000.7827', 1, '2014-10-18 09:00:00'),
(389, 47, '0014.4F01.0000.76FF', 2, '2014-10-18 09:00:00'),
(390, 73, '0014.4F01.0000.77A7', 3, '2014-10-18 09:00:00'),
(391, 44, '0014.4F01.0000.7827', 1, '2014-10-18 10:00:00'),
(392, 60, '0014.4F01.0000.76FF', 2, '2014-10-18 10:00:00'),
(393, 37, '0014.4F01.0000.77A7', 3, '2014-10-18 10:00:00'),
(394, 71, '0014.4F01.0000.7827', 1, '2014-10-18 11:00:00'),
(395, 77, '0014.4F01.0000.76FF', 2, '2014-10-18 11:00:00'),
(396, 35, '0014.4F01.0000.77A7', 3, '2014-10-18 11:00:00'),
(397, 78, '0014.4F01.0000.7827', 1, '2014-10-18 12:00:00'),
(398, 66, '0014.4F01.0000.76FF', 2, '2014-10-18 12:00:00'),
(399, 33, '0014.4F01.0000.77A7', 3, '2014-10-18 12:00:00'),
(400, 74, '0014.4F01.0000.7827', 1, '2014-10-18 13:00:00'),
(401, 34, '0014.4F01.0000.76FF', 2, '2014-10-18 13:00:00'),
(402, 32, '0014.4F01.0000.77A7', 3, '2014-10-18 13:00:00'),
(403, 54, '0014.4F01.0000.7827', 1, '2014-10-18 14:00:00'),
(404, 55, '0014.4F01.0000.76FF', 2, '2014-10-18 14:00:00'),
(405, 57, '0014.4F01.0000.77A7', 3, '2014-10-18 14:00:00'),
(406, 75, '0014.4F01.0000.7827', 1, '2014-10-18 15:00:00'),
(407, 45, '0014.4F01.0000.76FF', 2, '2014-10-18 15:00:00'),
(408, 56, '0014.4F01.0000.77A7', 3, '2014-10-18 15:00:00'),
(409, 57, '0014.4F01.0000.7827', 1, '2014-10-18 16:00:00'),
(410, 41, '0014.4F01.0000.76FF', 2, '2014-10-18 16:00:00'),
(411, 61, '0014.4F01.0000.77A7', 3, '2014-10-18 16:00:00'),
(412, 62, '0014.4F01.0000.7827', 1, '2014-10-18 17:00:00'),
(413, 49, '0014.4F01.0000.76FF', 2, '2014-10-18 17:00:00'),
(414, 38, '0014.4F01.0000.77A7', 3, '2014-10-18 17:00:00'),
(415, 62, '0014.4F01.0000.7827', 1, '2014-10-18 18:00:00'),
(416, 31, '0014.4F01.0000.76FF', 2, '2014-10-18 18:00:00'),
(417, 47, '0014.4F01.0000.77A7', 3, '2014-10-18 18:00:00'),
(418, 68, '0014.4F01.0000.7827', 1, '2014-10-18 19:00:00'),
(419, 31, '0014.4F01.0000.76FF', 2, '2014-10-18 19:00:00'),
(420, 33, '0014.4F01.0000.77A7', 3, '2014-10-18 19:00:00'),
(421, 47, '0014.4F01.0000.7827', 1, '2014-10-18 20:00:00'),
(422, 41, '0014.4F01.0000.76FF', 2, '2014-10-18 20:00:00'),
(423, 64, '0014.4F01.0000.77A7', 3, '2014-10-18 20:00:00'),
(424, 50, '0014.4F01.0000.7827', 1, '2014-10-18 21:00:00'),
(425, 67, '0014.4F01.0000.76FF', 2, '2014-10-18 21:00:00'),
(426, 46, '0014.4F01.0000.77A7', 3, '2014-10-18 21:00:00'),
(427, 37, '0014.4F01.0000.7827', 1, '2014-10-18 22:00:00'),
(428, 46, '0014.4F01.0000.76FF', 2, '2014-10-18 22:00:00'),
(429, 36, '0014.4F01.0000.77A7', 3, '2014-10-18 22:00:00'),
(430, 49, '0014.4F01.0000.7827', 1, '2014-10-18 23:00:00'),
(431, 80, '0014.4F01.0000.76FF', 2, '2014-10-18 23:00:00'),
(432, 66, '0014.4F01.0000.77A7', 3, '2014-10-18 23:00:00'),
(433, 52, '0014.4F01.0000.7827', 1, '2014-10-19 00:00:00'),
(434, 54, '0014.4F01.0000.76FF', 2, '2014-10-19 00:00:00'),
(435, 59, '0014.4F01.0000.77A7', 3, '2014-10-19 00:00:00'),
(436, 30, '0014.4F01.0000.7827', 1, '2014-10-19 01:00:00'),
(437, 78, '0014.4F01.0000.76FF', 2, '2014-10-19 01:00:00'),
(438, 55, '0014.4F01.0000.77A7', 3, '2014-10-19 01:00:00'),
(439, 33, '0014.4F01.0000.7827', 1, '2014-10-19 02:00:00'),
(440, 44, '0014.4F01.0000.76FF', 2, '2014-10-19 02:00:00'),
(441, 42, '0014.4F01.0000.77A7', 3, '2014-10-19 02:00:00'),
(442, 68, '0014.4F01.0000.7827', 1, '2014-10-19 03:00:00'),
(443, 54, '0014.4F01.0000.76FF', 2, '2014-10-19 03:00:00'),
(444, 61, '0014.4F01.0000.77A7', 3, '2014-10-19 03:00:00'),
(445, 36, '0014.4F01.0000.7827', 1, '2014-10-19 04:00:00'),
(446, 72, '0014.4F01.0000.76FF', 2, '2014-10-19 04:00:00'),
(447, 31, '0014.4F01.0000.77A7', 3, '2014-10-19 04:00:00'),
(448, 59, '0014.4F01.0000.7827', 1, '2014-10-19 05:00:00'),
(449, 42, '0014.4F01.0000.76FF', 2, '2014-10-19 05:00:00'),
(450, 48, '0014.4F01.0000.77A7', 3, '2014-10-19 05:00:00'),
(451, 67, '0014.4F01.0000.7827', 1, '2014-10-19 06:00:00'),
(452, 55, '0014.4F01.0000.76FF', 2, '2014-10-19 06:00:00'),
(453, 59, '0014.4F01.0000.77A7', 3, '2014-10-19 06:00:00'),
(454, 38, '0014.4F01.0000.7827', 1, '2014-10-19 07:00:00'),
(455, 48, '0014.4F01.0000.76FF', 2, '2014-10-19 07:00:00'),
(456, 76, '0014.4F01.0000.77A7', 3, '2014-10-19 07:00:00'),
(457, 73, '0014.4F01.0000.7827', 1, '2014-10-19 08:00:00'),
(458, 37, '0014.4F01.0000.76FF', 2, '2014-10-19 08:00:00'),
(459, 50, '0014.4F01.0000.77A7', 3, '2014-10-19 08:00:00'),
(460, 34, '0014.4F01.0000.7827', 1, '2014-10-19 09:00:00'),
(461, 53, '0014.4F01.0000.76FF', 2, '2014-10-19 09:00:00'),
(462, 37, '0014.4F01.0000.77A7', 3, '2014-10-19 09:00:00'),
(463, 57, '0014.4F01.0000.7827', 1, '2014-10-19 10:00:00'),
(464, 36, '0014.4F01.0000.76FF', 2, '2014-10-19 10:00:00'),
(465, 78, '0014.4F01.0000.77A7', 3, '2014-10-19 10:00:00'),
(466, 46, '0014.4F01.0000.7827', 1, '2014-10-19 11:00:00'),
(467, 64, '0014.4F01.0000.76FF', 2, '2014-10-19 11:00:00'),
(468, 49, '0014.4F01.0000.77A7', 3, '2014-10-19 11:00:00'),
(469, 70, '0014.4F01.0000.7827', 1, '2014-10-19 12:00:00'),
(470, 47, '0014.4F01.0000.76FF', 2, '2014-10-19 12:00:00'),
(471, 36, '0014.4F01.0000.77A7', 3, '2014-10-19 12:00:00'),
(472, 52, '0014.4F01.0000.7827', 1, '2014-10-19 13:00:00'),
(473, 44, '0014.4F01.0000.76FF', 2, '2014-10-19 13:00:00'),
(474, 39, '0014.4F01.0000.77A7', 3, '2014-10-19 13:00:00'),
(475, 52, '0014.4F01.0000.7827', 1, '2014-10-19 14:00:00'),
(476, 55, '0014.4F01.0000.76FF', 2, '2014-10-19 14:00:00'),
(477, 45, '0014.4F01.0000.77A7', 3, '2014-10-19 14:00:00'),
(478, 45, '0014.4F01.0000.7827', 1, '2014-10-19 15:00:00'),
(479, 53, '0014.4F01.0000.76FF', 2, '2014-10-19 15:00:00'),
(480, 43, '0014.4F01.0000.77A7', 3, '2014-10-19 15:00:00'),
(481, 70, '0014.4F01.0000.7827', 1, '2014-10-19 16:00:00'),
(482, 73, '0014.4F01.0000.76FF', 2, '2014-10-19 16:00:00'),
(483, 58, '0014.4F01.0000.77A7', 3, '2014-10-19 16:00:00'),
(484, 57, '0014.4F01.0000.7827', 1, '2014-10-19 17:00:00'),
(485, 45, '0014.4F01.0000.76FF', 2, '2014-10-19 17:00:00'),
(486, 69, '0014.4F01.0000.77A7', 3, '2014-10-19 17:00:00'),
(487, 43, '0014.4F01.0000.7827', 1, '2014-10-19 18:00:00'),
(488, 39, '0014.4F01.0000.76FF', 2, '2014-10-19 18:00:00'),
(489, 33, '0014.4F01.0000.77A7', 3, '2014-10-19 18:00:00'),
(490, 42, '0014.4F01.0000.7827', 1, '2014-10-19 19:00:00'),
(491, 34, '0014.4F01.0000.76FF', 2, '2014-10-19 19:00:00'),
(492, 51, '0014.4F01.0000.77A7', 3, '2014-10-19 19:00:00');

-- --------------------------------------------------------

--
-- Table structure for table `Spot`
--

CREATE TABLE IF NOT EXISTS `Spot` (
  `spot_address` varchar(255) COLLATE utf8_unicode_ci NOT NULL,
  `user_name` varchar(255) COLLATE utf8_unicode_ci NOT NULL,
  `created_at` timestamp NOT NULL DEFAULT '0000-00-00 00:00:00',
  `updated_at` timestamp NOT NULL DEFAULT '0000-00-00 00:00:00',
  UNIQUE KEY `spot_spot_address_unique` (`spot_address`)
) ENGINE=InnoDB DEFAULT CHARSET=utf8 COLLATE=utf8_unicode_ci;

--
-- Dumping data for table `Spot`
--

INSERT INTO `Spot` (`spot_address`, `user_name`, `created_at`, `updated_at`) VALUES
('0014.4F01.0000.0001', 'Vitali', '2014-10-19 19:25:01', '2014-10-19 19:25:01'),
('0014.4F01.0000.0002', 'Vitali', '2014-10-19 19:25:01', '2014-10-19 19:25:01'),
('0014.4F01.0000.76FF', 'Adam', '2014-10-19 19:25:01', '2014-10-19 19:25:01'),
('0014.4F01.0000.77A7', 'Dom', '2014-10-19 19:25:01', '2014-10-19 19:25:01'),
('0014.4F01.0000.77C0', 'Dom', '2014-10-19 19:25:01', '2014-10-19 19:25:01'),
('0014.4F01.0000.7827', 'Adam', '2014-10-19 19:25:01', '2014-10-19 19:25:01');

-- --------------------------------------------------------

--
-- Table structure for table `Spot_Zone`
--

CREATE TABLE IF NOT EXISTS `Spot_Zone` (
  `id` int(10) unsigned NOT NULL AUTO_INCREMENT,
  `spot_address` varchar(255) COLLATE utf8_unicode_ci NOT NULL,
  `zone_id` int(10) unsigned NOT NULL,
  `created_at` timestamp NOT NULL DEFAULT '0000-00-00 00:00:00',
  `updated_at` timestamp NOT NULL DEFAULT '0000-00-00 00:00:00',
  PRIMARY KEY (`id`),
  KEY `spot_zone_zone_id_foreign` (`zone_id`)
) ENGINE=InnoDB  DEFAULT CHARSET=utf8 COLLATE=utf8_unicode_ci AUTO_INCREMENT=4 ;

--
-- Dumping data for table `Spot_Zone`
--

INSERT INTO `Spot_Zone` (`id`, `spot_address`, `zone_id`, `created_at`, `updated_at`) VALUES
(1, '0014.4F01.0000.7827', 1, '2014-10-19 19:25:01', '2014-10-19 19:25:01'),
(2, '0014.4F01.0000.76FF', 2, '2014-10-19 19:25:01', '2014-10-19 19:25:01'),
(3, '0014.4F01.0000.77A7', 3, '2014-10-19 19:25:01', '2014-10-19 19:25:01');

-- --------------------------------------------------------

--
-- Table structure for table `Zone`
--

CREATE TABLE IF NOT EXISTS `Zone` (
  `id` int(10) unsigned NOT NULL AUTO_INCREMENT,
  `title` varchar(255) COLLATE utf8_unicode_ci NOT NULL,
  `created_at` timestamp NOT NULL DEFAULT '0000-00-00 00:00:00',
  `updated_at` timestamp NOT NULL DEFAULT '0000-00-00 00:00:00',
  PRIMARY KEY (`id`)
) ENGINE=InnoDB  DEFAULT CHARSET=utf8 COLLATE=utf8_unicode_ci AUTO_INCREMENT=4 ;

--
-- Dumping data for table `Zone`
--

INSERT INTO `Zone` (`id`, `title`, `created_at`, `updated_at`) VALUES
(1, 'North End of Lab', '2014-10-19 19:25:01', '2014-10-19 19:25:01'),
(2, 'Presentation and Touch Table Area', '2014-10-19 19:25:01', '2014-10-19 19:25:01'),
(3, 'North End of Lab', '2014-10-19 19:25:01', '2014-10-19 19:25:01');

--
-- Constraints for dumped tables
--

--
-- Constraints for table `Heat`
--
ALTER TABLE `Heat`
  ADD CONSTRAINT `heat_zone_id_foreign` FOREIGN KEY (`zone_id`) REFERENCES `Zone` (`id`);

--
-- Constraints for table `Light`
--
ALTER TABLE `Light`
  ADD CONSTRAINT `light_zone_id_foreign` FOREIGN KEY (`zone_id`) REFERENCES `Zone` (`id`);

--
-- Constraints for table `Spot_Zone`
--
ALTER TABLE `Spot_Zone`
  ADD CONSTRAINT `spot_zone_zone_id_foreign` FOREIGN KEY (`zone_id`) REFERENCES `Zone` (`id`);

/*!40101 SET CHARACTER_SET_CLIENT=@OLD_CHARACTER_SET_CLIENT */;
/*!40101 SET CHARACTER_SET_RESULTS=@OLD_CHARACTER_SET_RESULTS */;
/*!40101 SET COLLATION_CONNECTION=@OLD_COLLATION_CONNECTION */;
