-- phpMyAdmin SQL Dump
-- version 4.0.10deb1
-- http://www.phpmyadmin.net
--
-- Host: localhost
-- Generation Time: Oct 30, 2014 at 02:13 PM
-- Server version: 5.5.38-0ubuntu0.14.04.1
-- PHP Version: 5.5.15RC1

SET SQL_MODE = "NO_AUTO_VALUE_ON_ZERO";
SET time_zone = "+00:00";


/*!40101 SET @OLD_CHARACTER_SET_CLIENT=@@CHARACTER_SET_CLIENT */;
/*!40101 SET @OLD_CHARACTER_SET_RESULTS=@@CHARACTER_SET_RESULTS */;
/*!40101 SET @OLD_COLLATION_CONNECTION=@@COLLATION_CONNECTION */;
/*!40101 SET NAMES utf8 */;

--
-- Database: `testing`
--

-- --------------------------------------------------------

--
-- Table structure for table `Acceleration`
--

DROP TABLE IF EXISTS `Acceleration`;
CREATE TABLE IF NOT EXISTS `Acceleration` (
  `id` int(10) unsigned NOT NULL AUTO_INCREMENT,
  `acceleration` float(8,2) NOT NULL,
  `spot_address` varchar(255) COLLATE utf8_unicode_ci NOT NULL,
  `job_id` int(10) unsigned DEFAULT NULL,
  `zone_id` int(10) unsigned NOT NULL DEFAULT '0',
  `created_at` timestamp NOT NULL DEFAULT '0000-00-00 00:00:00',
  PRIMARY KEY (`id`),
  KEY `acceleration_job_id_foreign` (`job_id`),
  KEY `acceleration_zone_id_foreign` (`zone_id`)
) ENGINE=InnoDB  DEFAULT CHARSET=utf8 COLLATE=utf8_unicode_ci AUTO_INCREMENT=55 ;

--
-- Dumping data for table `Acceleration`
--

INSERT INTO `Acceleration` (`id`, `acceleration`, `spot_address`, `job_id`, `zone_id`, `created_at`) VALUES
(1, 1.30, '0014.4F01.0000.7827', 1, 1, '2014-10-23 14:33:50'),
(2, 2.10, '0014.4F01.0000.7827', 1, 1, '2014-10-23 17:32:50'),
(3, 1.80, '0014.4F01.0000.7827', 1, 1, '2014-10-23 17:41:50'),
(4, 1.50, '0014.4F01.0000.77A7', 3, 1, '2014-10-23 18:30:50'),
(5, 1.50, '0014.4F01.0000.77A7', 3, 1, '2014-10-24 03:24:50'),
(6, 1.70, '0014.4F01.0000.7827', 1, 1, '2014-10-24 05:28:50'),
(7, 2.00, '0014.4F01.0000.77A7', 3, 1, '2014-10-24 19:18:50'),
(8, 1.90, '0014.4F01.0000.77A7', 3, 1, '2014-10-24 19:29:50'),
(9, 2.20, '0014.4F01.0000.7827', 1, 1, '2014-10-24 22:48:50'),
(10, 1.80, '0014.4F01.0000.77A7', 3, 1, '2014-10-24 23:07:50'),
(11, 1.60, '0014.4F01.0000.7827', 1, 1, '2014-10-25 03:21:50'),
(12, 1.90, '0014.4F01.0000.7827', 1, 1, '2014-10-25 03:23:50'),
(13, 2.10, '0014.4F01.0000.77A7', 3, 1, '2014-10-25 03:48:50'),
(14, 1.60, '0014.4F01.0000.77A7', 3, 1, '2014-10-25 07:29:50'),
(15, 1.50, '0014.4F01.0000.7827', 1, 1, '2014-10-25 15:44:50'),
(16, 1.90, '0014.4F01.0000.7827', 1, 1, '2014-10-25 20:57:50'),
(17, 1.80, '0014.4F01.0000.77A7', 3, 1, '2014-10-25 21:24:50'),
(18, 1.50, '0014.4F01.0000.7827', 1, 1, '2014-10-26 04:15:50'),
(19, 1.80, '0014.4F01.0000.77A7', 3, 1, '2014-10-26 05:22:50'),
(20, 1.90, '0014.4F01.0000.77A7', 3, 1, '2014-10-26 06:29:50'),
(21, 2.20, '0014.4F01.0000.7827', 1, 1, '2014-10-26 08:43:50'),
(22, 1.40, '0014.4F01.0000.77A7', 3, 1, '2014-10-26 12:25:50'),
(23, 1.40, '0014.4F01.0000.77A7', 3, 1, '2014-10-26 14:02:50'),
(24, 1.40, '0014.4F01.0000.77A7', 3, 1, '2014-10-26 14:21:50'),
(25, 1.60, '0014.4F01.0000.7827', 1, 1, '2014-10-26 15:42:50'),
(26, 1.40, '0014.4F01.0000.7827', 1, 1, '2014-10-26 15:49:50'),
(27, 2.20, '0014.4F01.0000.77A7', 3, 1, '2014-10-26 16:38:50'),
(28, 1.60, '0014.4F01.0000.77A7', 3, 1, '2014-10-26 22:15:50'),
(29, 1.90, '0014.4F01.0000.7827', 1, 1, '2014-10-27 01:48:50'),
(30, 1.40, '0014.4F01.0000.7827', 1, 1, '2014-10-27 02:19:50'),
(31, 1.40, '0014.4F01.0000.7827', 1, 1, '2014-10-27 08:15:50'),
(32, 1.30, '0014.4F01.0000.77A7', 3, 1, '2014-10-27 10:22:50'),
(33, 2.00, '0014.4F01.0000.77A7', 3, 1, '2014-10-27 13:36:50'),
(34, 1.80, '0014.4F01.0000.77A7', 3, 1, '2014-10-27 16:03:50'),
(35, 1.70, '0014.4F01.0000.7827', 1, 1, '2014-10-27 19:10:50'),
(36, 2.00, '0014.4F01.0000.77A7', 3, 1, '2014-10-27 20:20:50'),
(37, 2.10, '0014.4F01.0000.77A7', 3, 1, '2014-10-27 21:05:50'),
(38, 1.70, '0014.4F01.0000.77A7', 3, 1, '2014-10-28 00:22:50'),
(39, 1.30, '0014.4F01.0000.77A7', 3, 1, '2014-10-28 02:20:50'),
(40, 1.60, '0014.4F01.0000.7827', 1, 1, '2014-10-28 05:19:50'),
(41, 2.00, '0014.4F01.0000.77A7', 3, 1, '2014-10-28 06:07:50'),
(42, 2.10, '0014.4F01.0000.7827', 1, 1, '2014-10-28 08:19:50'),
(43, 1.50, '0014.4F01.0000.7827', 1, 1, '2014-10-28 12:13:50'),
(44, 1.50, '0014.4F01.0000.77A7', 3, 1, '2014-10-28 15:06:50'),
(45, 2.20, '0014.4F01.0000.77A7', 3, 1, '2014-10-28 19:24:50'),
(46, 1.50, '0014.4F01.0000.77A7', 3, 1, '2014-10-29 03:14:50'),
(47, 1.40, '0014.4F01.0000.77A7', 3, 1, '2014-10-29 04:58:50'),
(48, 1.90, '0014.4F01.0000.77A7', 3, 1, '2014-10-29 05:56:50'),
(49, 1.40, '0014.4F01.0000.7827', 1, 1, '2014-10-29 15:39:50'),
(50, 1.90, '0014.4F01.0000.77A7', 3, 1, '2014-10-29 18:50:50'),
(51, 2.00, '0014.4F01.0000.7827', 1, 1, '2014-10-30 03:23:50'),
(52, 1.40, '0014.4F01.0000.7827', 1, 1, '2014-10-30 08:06:50'),
(53, 1.60, '0014.4F01.0000.77A7', 3, 1, '2014-10-30 11:45:50'),
(54, 1.30, '0014.4F01.0000.77A7', 3, 1, '2014-10-30 12:58:50');

-- --------------------------------------------------------

--
-- Table structure for table `Heat`
--

DROP TABLE IF EXISTS `Heat`;
CREATE TABLE IF NOT EXISTS `Heat` (
  `id` int(10) unsigned NOT NULL AUTO_INCREMENT,
  `heat_temperature` float(8,2) NOT NULL,
  `spot_address` varchar(255) COLLATE utf8_unicode_ci NOT NULL,
  `job_id` int(10) unsigned DEFAULT NULL,
  `zone_id` int(10) unsigned NOT NULL DEFAULT '0',
  `created_at` timestamp NOT NULL DEFAULT '0000-00-00 00:00:00',
  PRIMARY KEY (`id`),
  KEY `heat_job_id_foreign` (`job_id`),
  KEY `heat_zone_id_foreign` (`zone_id`)
) ENGINE=InnoDB  DEFAULT CHARSET=utf8 COLLATE=utf8_unicode_ci AUTO_INCREMENT=38 ;

--
-- Dumping data for table `Heat`
--

INSERT INTO `Heat` (`id`, `heat_temperature`, `spot_address`, `job_id`, `zone_id`, `created_at`) VALUES
(1, 45.20, '0014.4F01.0000.76FF', 2, 1, '2014-10-23 14:34:50'),
(2, 45.60, '0014.4F01.0000.76FF', 2, 1, '2014-10-23 19:00:50'),
(3, 46.40, '0014.4F01.0000.76FF', 2, 1, '2014-10-24 02:17:50'),
(4, 45.10, '0014.4F01.0000.76FF', 2, 1, '2014-10-24 02:24:50'),
(5, 49.00, '0014.4F01.0000.76FF', 2, 1, '2014-10-24 05:30:50'),
(6, 48.50, '0014.4F01.0000.76FF', 2, 1, '2014-10-24 07:54:50'),
(7, 47.50, '0014.4F01.0000.76FF', 2, 1, '2014-10-24 20:29:50'),
(8, 48.50, '0014.4F01.0000.76FF', 2, 1, '2014-10-24 21:11:50'),
(9, 47.50, '0014.4F01.0000.76FF', 2, 1, '2014-10-25 04:44:50'),
(10, 49.00, '0014.4F01.0000.76FF', 2, 1, '2014-10-25 06:07:50'),
(11, 47.00, '0014.4F01.0000.76FF', 2, 1, '2014-10-25 06:33:50'),
(12, 49.00, '0014.4F01.0000.76FF', 2, 1, '2014-10-25 09:02:50'),
(13, 45.30, '0014.4F01.0000.76FF', 2, 1, '2014-10-25 13:46:50'),
(14, 48.70, '0014.4F01.0000.76FF', 2, 1, '2014-10-25 16:55:50'),
(15, 49.50, '0014.4F01.0000.76FF', 2, 1, '2014-10-25 20:39:50'),
(16, 47.70, '0014.4F01.0000.76FF', 2, 1, '2014-10-25 21:31:50'),
(17, 45.00, '0014.4F01.0000.76FF', 2, 1, '2014-10-25 21:35:50'),
(18, 49.00, '0014.4F01.0000.76FF', 2, 1, '2014-10-25 22:30:50'),
(19, 48.60, '0014.4F01.0000.76FF', 2, 1, '2014-10-25 23:49:50'),
(20, 45.40, '0014.4F01.0000.76FF', 2, 1, '2014-10-26 11:34:50'),
(21, 45.80, '0014.4F01.0000.76FF', 2, 1, '2014-10-26 14:34:50'),
(22, 46.00, '0014.4F01.0000.76FF', 2, 1, '2014-10-26 16:43:50'),
(23, 45.70, '0014.4F01.0000.76FF', 2, 1, '2014-10-27 02:21:50'),
(24, 45.10, '0014.4F01.0000.76FF', 2, 1, '2014-10-27 05:20:50'),
(25, 48.30, '0014.4F01.0000.76FF', 2, 1, '2014-10-27 09:06:50'),
(26, 48.50, '0014.4F01.0000.76FF', 2, 1, '2014-10-27 15:53:50'),
(27, 48.90, '0014.4F01.0000.76FF', 2, 1, '2014-10-27 18:24:50'),
(28, 47.00, '0014.4F01.0000.76FF', 2, 1, '2014-10-28 02:45:50'),
(29, 48.20, '0014.4F01.0000.76FF', 2, 1, '2014-10-28 14:15:50'),
(30, 47.70, '0014.4F01.0000.76FF', 2, 1, '2014-10-29 06:00:50'),
(31, 47.10, '0014.4F01.0000.76FF', 2, 1, '2014-10-29 09:18:50'),
(32, 46.60, '0014.4F01.0000.76FF', 2, 1, '2014-10-29 13:58:50'),
(33, 46.50, '0014.4F01.0000.76FF', 2, 1, '2014-10-29 17:16:50'),
(34, 47.30, '0014.4F01.0000.76FF', 2, 1, '2014-10-30 04:49:50'),
(35, 49.00, '0014.4F01.0000.76FF', 2, 1, '2014-10-30 05:46:50'),
(36, 47.00, '0014.4F01.0000.76FF', 2, 1, '2014-10-30 10:41:50'),
(37, 49.30, '0014.4F01.0000.76FF', 2, 1, '2014-10-30 12:39:50');

-- --------------------------------------------------------

--
-- Table structure for table `Job`
--

DROP TABLE IF EXISTS `Job`;
CREATE TABLE IF NOT EXISTS `Job` (
  `id` int(10) unsigned NOT NULL AUTO_INCREMENT,
  `title` varchar(255) COLLATE utf8_unicode_ci NOT NULL,
  `description` varchar(255) COLLATE utf8_unicode_ci NOT NULL,
  `threshold` float(8,2) DEFAULT NULL,
  `object_id` int(10) unsigned NOT NULL,
  `sensor_id` int(10) unsigned NOT NULL,
  `created_at` timestamp NOT NULL DEFAULT '0000-00-00 00:00:00',
  `updated_at` timestamp NOT NULL DEFAULT '0000-00-00 00:00:00',
  PRIMARY KEY (`id`),
  KEY `job_object_id_foreign` (`object_id`),
  KEY `job_sensor_id_foreign` (`sensor_id`)
) ENGINE=InnoDB  DEFAULT CHARSET=utf8 COLLATE=utf8_unicode_ci AUTO_INCREMENT=7 ;

--
-- Dumping data for table `Job`
--

INSERT INTO `Job` (`id`, `title`, `description`, `threshold`, `object_id`, `sensor_id`, `created_at`, `updated_at`) VALUES
(1, 'Door open', '', NULL, 1, 3, '2014-10-30 14:10:50', '2014-10-30 14:10:50'),
(2, 'Kettle boiled', '', 40.00, 2, 1, '2014-10-30 14:10:50', '2014-10-30 14:10:50'),
(3, 'Chair moved', '', NULL, 3, 3, '2014-10-30 14:10:50', '2014-10-30 14:10:50'),
(4, 'Fridge Light On', '', 10.00, 4, 2, '2014-10-30 14:10:50', '2014-10-30 14:10:50'),
(5, 'User Passed Pillar', '', NULL, 5, 5, '2014-10-30 14:10:50', '2014-10-30 14:10:50'),
(6, 'User Passed Pillar', '', NULL, 6, 5, '2014-10-30 14:10:50', '2014-10-30 14:10:50');

-- --------------------------------------------------------

--
-- Table structure for table `Light`
--

DROP TABLE IF EXISTS `Light`;
CREATE TABLE IF NOT EXISTS `Light` (
  `id` int(10) unsigned NOT NULL AUTO_INCREMENT,
  `light_intensity` int(11) NOT NULL,
  `spot_address` varchar(255) COLLATE utf8_unicode_ci NOT NULL,
  `job_id` int(10) unsigned DEFAULT NULL,
  `zone_id` int(10) unsigned NOT NULL DEFAULT '0',
  `created_at` timestamp NOT NULL DEFAULT '0000-00-00 00:00:00',
  PRIMARY KEY (`id`),
  KEY `light_job_id_foreign` (`job_id`),
  KEY `light_zone_id_foreign` (`zone_id`)
) ENGINE=InnoDB  DEFAULT CHARSET=utf8 COLLATE=utf8_unicode_ci AUTO_INCREMENT=35 ;

--
-- Dumping data for table `Light`
--

INSERT INTO `Light` (`id`, `light_intensity`, `spot_address`, `job_id`, `zone_id`, `created_at`) VALUES
(1, 120, '0014.4F01.0000.76FF', 4, 1, '2014-10-23 15:23:50'),
(2, 119, '0014.4F01.0000.76FF', 4, 1, '2014-10-24 02:22:50'),
(3, 119, '0014.4F01.0000.76FF', 4, 1, '2014-10-24 05:31:50'),
(4, 116, '0014.4F01.0000.76FF', 4, 1, '2014-10-24 16:50:50'),
(5, 118, '0014.4F01.0000.76FF', 4, 1, '2014-10-25 05:09:50'),
(6, 119, '0014.4F01.0000.76FF', 4, 1, '2014-10-25 07:07:50'),
(7, 119, '0014.4F01.0000.76FF', 4, 1, '2014-10-25 10:02:50'),
(8, 116, '0014.4F01.0000.76FF', 4, 1, '2014-10-25 15:07:50'),
(9, 120, '0014.4F01.0000.76FF', 4, 1, '2014-10-25 16:14:50'),
(10, 119, '0014.4F01.0000.76FF', 4, 1, '2014-10-26 01:34:50'),
(11, 117, '0014.4F01.0000.76FF', 4, 1, '2014-10-26 15:04:50'),
(12, 118, '0014.4F01.0000.76FF', 4, 1, '2014-10-26 16:56:50'),
(13, 120, '0014.4F01.0000.76FF', 4, 1, '2014-10-26 17:57:50'),
(14, 117, '0014.4F01.0000.76FF', 4, 1, '2014-10-27 02:58:50'),
(15, 119, '0014.4F01.0000.76FF', 4, 1, '2014-10-27 04:44:50'),
(16, 116, '0014.4F01.0000.76FF', 4, 1, '2014-10-27 04:52:50'),
(17, 118, '0014.4F01.0000.76FF', 4, 1, '2014-10-27 10:34:50'),
(18, 115, '0014.4F01.0000.76FF', 4, 1, '2014-10-27 14:53:50'),
(19, 119, '0014.4F01.0000.76FF', 4, 1, '2014-10-27 15:47:50'),
(20, 118, '0014.4F01.0000.76FF', 4, 1, '2014-10-27 16:10:50'),
(21, 116, '0014.4F01.0000.76FF', 4, 1, '2014-10-27 16:31:50'),
(22, 117, '0014.4F01.0000.76FF', 4, 1, '2014-10-28 15:37:50'),
(23, 115, '0014.4F01.0000.76FF', 4, 1, '2014-10-28 16:52:50'),
(24, 116, '0014.4F01.0000.76FF', 4, 1, '2014-10-28 18:00:50'),
(25, 116, '0014.4F01.0000.76FF', 4, 1, '2014-10-28 18:12:50'),
(26, 117, '0014.4F01.0000.76FF', 4, 1, '2014-10-28 20:16:50'),
(27, 116, '0014.4F01.0000.76FF', 4, 1, '2014-10-28 21:42:50'),
(28, 117, '0014.4F01.0000.76FF', 4, 1, '2014-10-28 23:16:50'),
(29, 116, '0014.4F01.0000.76FF', 4, 1, '2014-10-28 23:44:50'),
(30, 119, '0014.4F01.0000.76FF', 4, 1, '2014-10-29 17:01:50'),
(31, 116, '0014.4F01.0000.76FF', 4, 1, '2014-10-29 17:36:50'),
(32, 116, '0014.4F01.0000.76FF', 4, 1, '2014-10-29 19:49:50'),
(33, 118, '0014.4F01.0000.76FF', 4, 1, '2014-10-29 20:29:50'),
(34, 118, '0014.4F01.0000.76FF', 4, 1, '2014-10-30 07:46:50');

-- --------------------------------------------------------

--
-- Table structure for table `Motion`
--

DROP TABLE IF EXISTS `Motion`;
CREATE TABLE IF NOT EXISTS `Motion` (
  `id` int(10) unsigned NOT NULL AUTO_INCREMENT,
  `motion` int(11) NOT NULL,
  `spot_address` varchar(255) COLLATE utf8_unicode_ci NOT NULL,
  `job_id` int(10) unsigned DEFAULT NULL,
  `zone_id` int(10) unsigned NOT NULL DEFAULT '0',
  `created_at` timestamp NOT NULL DEFAULT '0000-00-00 00:00:00',
  PRIMARY KEY (`id`),
  KEY `motion_job_id_foreign` (`job_id`),
  KEY `motion_zone_id_foreign` (`zone_id`)
) ENGINE=InnoDB DEFAULT CHARSET=utf8 COLLATE=utf8_unicode_ci AUTO_INCREMENT=1 ;

-- --------------------------------------------------------

--
-- Table structure for table `Object`
--

DROP TABLE IF EXISTS `Object`;
CREATE TABLE IF NOT EXISTS `Object` (
  `id` int(10) unsigned NOT NULL AUTO_INCREMENT,
  `title` varchar(255) COLLATE utf8_unicode_ci NOT NULL,
  `description` varchar(255) COLLATE utf8_unicode_ci NOT NULL,
  `spot_id` int(10) unsigned NOT NULL,
  `created_at` timestamp NOT NULL DEFAULT '0000-00-00 00:00:00',
  `updated_at` timestamp NOT NULL DEFAULT '0000-00-00 00:00:00',
  PRIMARY KEY (`id`),
  KEY `object_spot_id_foreign` (`spot_id`)
) ENGINE=InnoDB  DEFAULT CHARSET=utf8 COLLATE=utf8_unicode_ci AUTO_INCREMENT=7 ;

--
-- Dumping data for table `Object`
--

INSERT INTO `Object` (`id`, `title`, `description`, `spot_id`, `created_at`, `updated_at`) VALUES
(1, 'Fridge Door', '', 1, '2014-10-30 14:10:50', '2014-10-30 14:10:50'),
(2, 'Kettle', '', 6, '2014-10-30 14:10:50', '2014-10-30 14:10:50'),
(3, 'Computer Chair', '', 3, '2014-10-30 14:10:50', '2014-10-30 14:10:50'),
(4, 'Fridge Light', '', 4, '2014-10-30 14:10:50', '2014-10-30 14:10:50'),
(5, 'North Pillar', '', 2, '2014-10-30 14:10:50', '2014-10-30 14:10:50'),
(6, 'South Pillar', '', 5, '2014-10-30 14:10:50', '2014-10-30 14:10:50');

-- --------------------------------------------------------

--
-- Table structure for table `Sensor`
--

DROP TABLE IF EXISTS `Sensor`;
CREATE TABLE IF NOT EXISTS `Sensor` (
  `id` int(10) unsigned NOT NULL AUTO_INCREMENT,
  `title` varchar(255) COLLATE utf8_unicode_ci NOT NULL,
  `table` varchar(255) COLLATE utf8_unicode_ci DEFAULT NULL,
  `field` varchar(255) COLLATE utf8_unicode_ci DEFAULT NULL,
  `description` varchar(255) COLLATE utf8_unicode_ci NOT NULL,
  `port_number` int(11) NOT NULL,
  `created_at` timestamp NOT NULL DEFAULT '0000-00-00 00:00:00',
  `updated_at` timestamp NOT NULL DEFAULT '0000-00-00 00:00:00',
  PRIMARY KEY (`id`)
) ENGINE=InnoDB  DEFAULT CHARSET=utf8 COLLATE=utf8_unicode_ci AUTO_INCREMENT=7 ;

--
-- Dumping data for table `Sensor`
--

INSERT INTO `Sensor` (`id`, `title`, `table`, `field`, `description`, `port_number`, `created_at`, `updated_at`) VALUES
(1, 'Thermometer', 'Heat', 'heat_temperature', '', 110, '2014-10-30 14:10:50', '2014-10-30 14:10:50'),
(2, 'Photosensor', 'Light', 'light_intensity', '', 120, '2014-10-30 14:10:50', '2014-10-30 14:10:50'),
(3, 'Accelerometer', 'Acceleration', 'acceleration', '', 130, '2014-10-30 14:10:50', '2014-10-30 14:10:50'),
(4, 'Motion Sensor', 'Motion', 'motion', '', 140, '2014-10-30 14:10:50', '2014-10-30 14:10:50'),
(5, 'Cell Tower', 'ZoneSpot', 'zone_id', '', 150, '2014-10-30 14:10:50', '2014-10-30 14:10:50'),
(6, 'Roaming Spot', NULL, NULL, '', 160, '2014-10-30 14:10:50', '2014-10-30 14:10:50');

-- --------------------------------------------------------

--
-- Table structure for table `Spot`
--

DROP TABLE IF EXISTS `Spot`;
CREATE TABLE IF NOT EXISTS `Spot` (
  `id` int(10) unsigned NOT NULL AUTO_INCREMENT,
  `spot_address` varchar(255) COLLATE utf8_unicode_ci NOT NULL,
  `user_id` int(10) unsigned DEFAULT NULL,
  `created_at` timestamp NOT NULL DEFAULT '0000-00-00 00:00:00',
  `updated_at` timestamp NOT NULL DEFAULT '0000-00-00 00:00:00',
  PRIMARY KEY (`id`),
  UNIQUE KEY `spot_spot_address_unique` (`spot_address`),
  KEY `spot_user_id_foreign` (`user_id`)
) ENGINE=InnoDB  DEFAULT CHARSET=utf8 COLLATE=utf8_unicode_ci AUTO_INCREMENT=7 ;

--
-- Dumping data for table `Spot`
--

INSERT INTO `Spot` (`id`, `spot_address`, `user_id`, `created_at`, `updated_at`) VALUES
(1, '0014.4F01.0000.7827', 1, '2014-10-30 14:10:50', '2014-10-30 14:10:50'),
(2, '0014.4F01.0000.76FF', 1, '2014-10-30 14:10:50', '2014-10-30 14:10:50'),
(3, '0014.4F01.0000.77A7', 2, '2014-10-30 14:10:50', '2014-10-30 14:10:50'),
(4, '0014.4F01.0000.77C0', 2, '2014-10-30 14:10:50', '2014-10-30 14:10:50'),
(5, '0014.4F01.0000.7A12', 3, '2014-10-30 14:10:50', '2014-10-30 14:10:50'),
(6, '0014.4F01.0000.7AD7', 3, '2014-10-30 14:10:50', '2014-10-30 14:10:50');

-- --------------------------------------------------------

--
-- Table structure for table `Users`
--

DROP TABLE IF EXISTS `Users`;
CREATE TABLE IF NOT EXISTS `Users` (
  `id` int(10) unsigned NOT NULL AUTO_INCREMENT,
  `first_name` varchar(255) COLLATE utf8_unicode_ci NOT NULL,
  `last_name` varchar(255) COLLATE utf8_unicode_ci NOT NULL,
  `email` varchar(255) COLLATE utf8_unicode_ci NOT NULL,
  `password` varchar(255) COLLATE utf8_unicode_ci NOT NULL,
  `remember_token` varchar(100) COLLATE utf8_unicode_ci DEFAULT NULL,
  `created_at` timestamp NOT NULL DEFAULT '0000-00-00 00:00:00',
  `updated_at` timestamp NOT NULL DEFAULT '0000-00-00 00:00:00',
  PRIMARY KEY (`id`)
) ENGINE=InnoDB  DEFAULT CHARSET=utf8 COLLATE=utf8_unicode_ci AUTO_INCREMENT=4 ;

--
-- Dumping data for table `Users`
--

INSERT INTO `Users` (`id`, `first_name`, `last_name`, `email`, `password`, `remember_token`, `created_at`, `updated_at`) VALUES
(1, 'Adam', 'Cornforth', 'adam@sunspot.app', '$2y$10$eYDFR7YNz/XsXABFtcFOw.TMqi6TWyxTXTTmnFILUMOKRYP6wz8YS', NULL, '2014-10-30 14:10:50', '2014-10-30 14:10:50'),
(2, 'Dominic', 'Lindsay', 'dominic@sunspot.app', '$2y$10$48IkqEK0xmu67FLGXsEIQeQ3CeJz2CUr6ASeuuxCMzp2yVaJADuDG', NULL, '2014-10-30 14:10:50', '2014-10-30 14:10:50'),
(3, 'Vitali', 'Bokov', 'vitali@sunspot.app', '$2y$10$9ktZ5mASzJDeoSdgP8Qa8./cU4doM7mpKy5q1oNPf7plL3UgWFNKW', NULL, '2014-10-30 14:10:50', '2014-10-30 14:10:50');

-- --------------------------------------------------------

--
-- Table structure for table `Zone`
--

DROP TABLE IF EXISTS `Zone`;
CREATE TABLE IF NOT EXISTS `Zone` (
  `id` int(10) unsigned NOT NULL AUTO_INCREMENT,
  `title` varchar(255) COLLATE utf8_unicode_ci NOT NULL,
  `created_at` timestamp NOT NULL DEFAULT '0000-00-00 00:00:00',
  `updated_at` timestamp NOT NULL DEFAULT '0000-00-00 00:00:00',
  PRIMARY KEY (`id`)
) ENGINE=InnoDB  DEFAULT CHARSET=utf8 COLLATE=utf8_unicode_ci AUTO_INCREMENT=5 ;

--
-- Dumping data for table `Zone`
--

INSERT INTO `Zone` (`id`, `title`, `created_at`, `updated_at`) VALUES
(1, 'North End of Lab', '2014-10-30 14:10:50', '2014-10-30 14:10:50'),
(2, 'Presentation and Touch Table Area', '2014-10-30 14:10:50', '2014-10-30 14:10:50'),
(3, 'South End of Lab', '2014-10-30 14:10:50', '2014-10-30 14:10:50'),
(4, 'Lab', '2014-10-30 14:10:50', '2014-10-30 14:10:50');

-- --------------------------------------------------------

--
-- Table structure for table `zone_object`
--

DROP TABLE IF EXISTS `zone_object`;
CREATE TABLE IF NOT EXISTS `zone_object` (
  `id` int(10) unsigned NOT NULL AUTO_INCREMENT,
  `zone_id` int(10) unsigned NOT NULL,
  `object_id` int(10) unsigned NOT NULL,
  `job_id` int(10) unsigned DEFAULT NULL,
  `created_at` timestamp NOT NULL DEFAULT '0000-00-00 00:00:00',
  `updated_at` timestamp NOT NULL DEFAULT '0000-00-00 00:00:00',
  PRIMARY KEY (`id`),
  KEY `zone_object_object_id_foreign` (`object_id`),
  KEY `zone_object_zone_id_foreign` (`zone_id`),
  KEY `zone_object_job_id_foreign` (`job_id`)
) ENGINE=InnoDB  DEFAULT CHARSET=utf8 COLLATE=utf8_unicode_ci AUTO_INCREMENT=5 ;

--
-- Dumping data for table `zone_object`
--

INSERT INTO `zone_object` (`id`, `zone_id`, `object_id`, `job_id`, `created_at`, `updated_at`) VALUES
(1, 1, 5, 5, '2014-10-30 14:10:50', '2014-10-30 14:10:50'),
(2, 2, 5, 5, '2014-10-30 14:10:50', '2014-10-30 14:10:50'),
(3, 2, 6, 6, '2014-10-30 14:10:50', '2014-10-30 14:10:50'),
(4, 3, 6, 6, '2014-10-30 14:10:50', '2014-10-30 14:10:50');

-- --------------------------------------------------------

--
-- Table structure for table `zone_spot`
--

DROP TABLE IF EXISTS `zone_spot`;
CREATE TABLE IF NOT EXISTS `zone_spot` (
  `id` int(10) unsigned NOT NULL AUTO_INCREMENT,
  `zone_id` int(10) unsigned NOT NULL,
  `spot_id` int(10) unsigned NOT NULL,
  `job_id` int(10) unsigned DEFAULT NULL,
  `created_at` timestamp NOT NULL DEFAULT '0000-00-00 00:00:00',
  `updated_at` timestamp NOT NULL DEFAULT '0000-00-00 00:00:00',
  PRIMARY KEY (`id`),
  KEY `zone_spot_spot_id_foreign` (`spot_id`),
  KEY `zone_spot_zone_id_foreign` (`zone_id`),
  KEY `zone_spot_job_id_foreign` (`job_id`)
) ENGINE=InnoDB  DEFAULT CHARSET=utf8 COLLATE=utf8_unicode_ci AUTO_INCREMENT=515 ;

--
-- Dumping data for table `zone_spot`
--

INSERT INTO `zone_spot` (`id`, `zone_id`, `spot_id`, `job_id`, `created_at`, `updated_at`) VALUES
(1, 1, 1, NULL, '2014-10-30 14:10:50', '2014-10-30 14:10:50'),
(2, 2, 2, NULL, '2014-10-30 14:10:50', '2014-10-30 14:10:50'),
(3, 3, 3, NULL, '2014-10-30 14:10:50', '2014-10-30 14:10:50'),
(4, 4, 4, NULL, '2014-10-30 14:10:50', '2014-10-30 14:10:50'),
(5, 4, 5, NULL, '2014-10-30 14:10:50', '2014-10-30 14:10:50'),
(6, 4, 6, NULL, '2014-10-30 14:10:50', '2014-10-30 14:10:50'),
(7, 3, 1, 6, '2014-10-23 14:12:50', '2014-10-30 14:10:50'),
(8, 3, 1, 6, '2014-10-23 14:42:50', '2014-10-30 14:10:50'),
(9, 2, 1, 5, '2014-10-23 14:43:50', '2014-10-30 14:10:50'),
(10, 2, 1, 5, '2014-10-23 14:54:50', '2014-10-30 14:10:50'),
(11, 2, 1, 5, '2014-10-23 15:22:50', '2014-10-30 14:10:50'),
(12, 3, 1, 6, '2014-10-23 15:45:50', '2014-10-30 14:10:50'),
(13, 2, 1, 5, '2014-10-23 16:05:50', '2014-10-30 14:10:50'),
(14, 2, 1, 5, '2014-10-23 16:16:50', '2014-10-30 14:10:50'),
(15, 3, 1, 6, '2014-10-23 16:33:50', '2014-10-30 14:10:50'),
(16, 3, 1, 6, '2014-10-23 16:41:50', '2014-10-30 14:10:50'),
(17, 3, 1, 6, '2014-10-23 17:22:50', '2014-10-30 14:10:50'),
(18, 3, 1, 6, '2014-10-23 17:44:50', '2014-10-30 14:10:50'),
(19, 3, 1, 6, '2014-10-23 18:36:50', '2014-10-30 14:10:50'),
(20, 2, 1, 5, '2014-10-23 19:02:50', '2014-10-30 14:10:50'),
(21, 3, 1, 6, '2014-10-23 19:36:50', '2014-10-30 14:10:50'),
(22, 3, 1, 6, '2014-10-23 19:48:50', '2014-10-30 14:10:50'),
(23, 2, 1, 5, '2014-10-23 19:49:50', '2014-10-30 14:10:50'),
(24, 2, 1, 5, '2014-10-23 20:33:50', '2014-10-30 14:10:50'),
(25, 2, 1, 5, '2014-10-23 20:43:50', '2014-10-30 14:10:50'),
(26, 3, 1, 6, '2014-10-23 20:46:50', '2014-10-30 14:10:50'),
(27, 2, 1, 5, '2014-10-23 20:52:50', '2014-10-30 14:10:50'),
(28, 2, 1, 5, '2014-10-23 21:29:50', '2014-10-30 14:10:50'),
(29, 2, 1, 5, '2014-10-23 21:34:50', '2014-10-30 14:10:50'),
(30, 3, 1, 6, '2014-10-23 22:02:50', '2014-10-30 14:10:50'),
(31, 3, 1, 6, '2014-10-23 22:22:50', '2014-10-30 14:10:50'),
(32, 3, 1, 6, '2014-10-23 22:54:50', '2014-10-30 14:10:50'),
(33, 2, 1, 5, '2014-10-23 23:01:50', '2014-10-30 14:10:50'),
(34, 2, 1, 5, '2014-10-23 23:05:50', '2014-10-30 14:10:50'),
(35, 3, 1, 6, '2014-10-23 23:24:50', '2014-10-30 14:10:50'),
(36, 2, 1, 5, '2014-10-23 23:35:50', '2014-10-30 14:10:50'),
(37, 2, 1, 5, '2014-10-23 23:57:50', '2014-10-30 14:10:50'),
(38, 2, 1, 5, '2014-10-24 00:05:50', '2014-10-30 14:10:50'),
(39, 3, 1, 6, '2014-10-24 00:10:50', '2014-10-30 14:10:50'),
(40, 2, 1, 5, '2014-10-24 00:13:50', '2014-10-30 14:10:50'),
(41, 2, 1, 5, '2014-10-24 00:32:50', '2014-10-30 14:10:50'),
(42, 2, 1, 5, '2014-10-24 00:39:50', '2014-10-30 14:10:50'),
(43, 3, 1, 6, '2014-10-24 01:19:50', '2014-10-30 14:10:50'),
(44, 2, 1, 5, '2014-10-24 01:36:50', '2014-10-30 14:10:50'),
(45, 3, 1, 6, '2014-10-24 01:44:50', '2014-10-30 14:10:50'),
(46, 2, 1, 5, '2014-10-24 01:50:50', '2014-10-30 14:10:50'),
(47, 3, 1, 6, '2014-10-24 01:52:50', '2014-10-30 14:10:50'),
(48, 3, 1, 6, '2014-10-24 01:55:50', '2014-10-30 14:10:50'),
(49, 2, 1, 5, '2014-10-24 01:58:50', '2014-10-30 14:10:50'),
(50, 3, 1, 6, '2014-10-24 02:03:50', '2014-10-30 14:10:50'),
(51, 2, 1, 5, '2014-10-24 02:09:50', '2014-10-30 14:10:50'),
(52, 3, 1, 6, '2014-10-24 02:12:50', '2014-10-30 14:10:50'),
(53, 2, 1, 5, '2014-10-24 02:28:50', '2014-10-30 14:10:50'),
(54, 3, 1, 6, '2014-10-24 02:41:50', '2014-10-30 14:10:50'),
(55, 3, 1, 6, '2014-10-24 03:02:50', '2014-10-30 14:10:50'),
(56, 3, 1, 6, '2014-10-24 03:03:50', '2014-10-30 14:10:50'),
(57, 3, 1, 6, '2014-10-24 03:14:50', '2014-10-30 14:10:50'),
(58, 3, 1, 6, '2014-10-24 03:27:50', '2014-10-30 14:10:50'),
(59, 2, 1, 5, '2014-10-24 03:34:50', '2014-10-30 14:10:50'),
(60, 3, 1, 6, '2014-10-24 03:36:50', '2014-10-30 14:10:50'),
(61, 3, 1, 6, '2014-10-24 03:58:50', '2014-10-30 14:10:50'),
(62, 3, 1, 6, '2014-10-24 04:00:50', '2014-10-30 14:10:50'),
(63, 2, 1, 5, '2014-10-24 04:07:50', '2014-10-30 14:10:50'),
(64, 3, 1, 6, '2014-10-24 04:40:50', '2014-10-30 14:10:50'),
(65, 3, 1, 6, '2014-10-24 05:18:50', '2014-10-30 14:10:50'),
(66, 3, 1, 6, '2014-10-24 05:24:50', '2014-10-30 14:10:50'),
(67, 2, 1, 5, '2014-10-24 05:59:50', '2014-10-30 14:10:50'),
(68, 3, 1, 6, '2014-10-24 06:16:50', '2014-10-30 14:10:50'),
(69, 2, 1, 5, '2014-10-24 06:23:50', '2014-10-30 14:10:50'),
(70, 2, 1, 5, '2014-10-24 06:30:50', '2014-10-30 14:10:50'),
(71, 2, 1, 5, '2014-10-24 07:22:50', '2014-10-30 14:10:50'),
(72, 2, 1, 5, '2014-10-24 07:53:50', '2014-10-30 14:10:50'),
(73, 3, 1, 6, '2014-10-24 07:53:50', '2014-10-30 14:10:50'),
(74, 3, 1, 6, '2014-10-24 08:06:50', '2014-10-30 14:10:50'),
(75, 2, 1, 5, '2014-10-24 08:10:50', '2014-10-30 14:10:50'),
(76, 2, 1, 5, '2014-10-24 08:49:50', '2014-10-30 14:10:50'),
(77, 3, 1, 6, '2014-10-24 09:34:50', '2014-10-30 14:10:50'),
(78, 2, 1, 5, '2014-10-24 09:45:50', '2014-10-30 14:10:50'),
(79, 3, 1, 6, '2014-10-24 11:14:50', '2014-10-30 14:10:50'),
(80, 3, 1, 6, '2014-10-24 11:38:50', '2014-10-30 14:10:50'),
(81, 2, 1, 5, '2014-10-24 12:09:50', '2014-10-30 14:10:50'),
(82, 2, 1, 5, '2014-10-24 12:21:50', '2014-10-30 14:10:50'),
(83, 2, 1, 5, '2014-10-24 13:12:50', '2014-10-30 14:10:50'),
(84, 2, 1, 5, '2014-10-24 13:13:50', '2014-10-30 14:10:50'),
(85, 3, 1, 6, '2014-10-24 13:17:50', '2014-10-30 14:10:50'),
(86, 3, 1, 6, '2014-10-24 14:01:50', '2014-10-30 14:10:50'),
(87, 2, 1, 5, '2014-10-24 14:06:50', '2014-10-30 14:10:50'),
(88, 3, 1, 6, '2014-10-24 14:17:50', '2014-10-30 14:10:50'),
(89, 3, 1, 6, '2014-10-24 14:39:50', '2014-10-30 14:10:50'),
(90, 3, 1, 6, '2014-10-24 15:07:50', '2014-10-30 14:10:50'),
(91, 3, 1, 6, '2014-10-24 15:22:50', '2014-10-30 14:10:50'),
(92, 2, 1, 5, '2014-10-24 15:27:50', '2014-10-30 14:10:50'),
(93, 2, 1, 5, '2014-10-24 15:30:50', '2014-10-30 14:10:50'),
(94, 2, 1, 5, '2014-10-24 15:57:50', '2014-10-30 14:10:50'),
(95, 3, 1, 6, '2014-10-24 16:10:50', '2014-10-30 14:10:50'),
(96, 3, 1, 6, '2014-10-24 16:43:50', '2014-10-30 14:10:50'),
(97, 2, 1, 5, '2014-10-24 16:48:50', '2014-10-30 14:10:50'),
(98, 3, 1, 6, '2014-10-24 17:01:50', '2014-10-30 14:10:50'),
(99, 2, 1, 5, '2014-10-24 17:22:50', '2014-10-30 14:10:50'),
(100, 3, 1, 6, '2014-10-24 17:35:50', '2014-10-30 14:10:50'),
(101, 3, 1, 6, '2014-10-24 17:40:50', '2014-10-30 14:10:50'),
(102, 3, 1, 6, '2014-10-24 18:01:50', '2014-10-30 14:10:50'),
(103, 3, 1, 6, '2014-10-24 18:21:50', '2014-10-30 14:10:50'),
(104, 3, 1, 6, '2014-10-24 18:40:50', '2014-10-30 14:10:50'),
(105, 3, 1, 6, '2014-10-24 18:48:50', '2014-10-30 14:10:50'),
(106, 3, 1, 6, '2014-10-24 19:20:50', '2014-10-30 14:10:50'),
(107, 2, 1, 5, '2014-10-24 19:47:50', '2014-10-30 14:10:50'),
(108, 2, 1, 5, '2014-10-24 19:52:50', '2014-10-30 14:10:50'),
(109, 2, 1, 5, '2014-10-24 20:11:50', '2014-10-30 14:10:50'),
(110, 2, 1, 5, '2014-10-24 21:05:50', '2014-10-30 14:10:50'),
(111, 2, 1, 5, '2014-10-24 21:54:50', '2014-10-30 14:10:50'),
(112, 3, 1, 6, '2014-10-24 21:58:50', '2014-10-30 14:10:50'),
(113, 2, 1, 5, '2014-10-24 22:21:50', '2014-10-30 14:10:50'),
(114, 2, 1, 5, '2014-10-24 23:17:50', '2014-10-30 14:10:50'),
(115, 3, 1, 6, '2014-10-24 23:24:50', '2014-10-30 14:10:50'),
(116, 3, 1, 6, '2014-10-24 23:27:50', '2014-10-30 14:10:50'),
(117, 3, 1, 6, '2014-10-24 23:28:50', '2014-10-30 14:10:50'),
(118, 2, 1, 5, '2014-10-24 23:36:50', '2014-10-30 14:10:51'),
(119, 2, 1, 5, '2014-10-24 23:38:50', '2014-10-30 14:10:51'),
(120, 3, 1, 6, '2014-10-24 23:52:50', '2014-10-30 14:10:51'),
(121, 3, 1, 6, '2014-10-25 00:06:50', '2014-10-30 14:10:51'),
(122, 2, 1, 5, '2014-10-25 00:22:50', '2014-10-30 14:10:51'),
(123, 3, 1, 6, '2014-10-25 00:54:50', '2014-10-30 14:10:51'),
(124, 3, 1, 6, '2014-10-25 01:42:50', '2014-10-30 14:10:51'),
(125, 2, 1, 5, '2014-10-25 02:24:50', '2014-10-30 14:10:51'),
(126, 3, 1, 6, '2014-10-25 02:33:50', '2014-10-30 14:10:51'),
(127, 3, 1, 6, '2014-10-25 03:01:50', '2014-10-30 14:10:51'),
(128, 3, 1, 6, '2014-10-25 03:04:50', '2014-10-30 14:10:51'),
(129, 3, 1, 6, '2014-10-25 03:18:50', '2014-10-30 14:10:51'),
(130, 3, 1, 6, '2014-10-25 03:37:50', '2014-10-30 14:10:51'),
(131, 3, 1, 6, '2014-10-25 03:51:50', '2014-10-30 14:10:51'),
(132, 2, 1, 5, '2014-10-25 04:05:50', '2014-10-30 14:10:51'),
(133, 3, 1, 6, '2014-10-25 04:11:50', '2014-10-30 14:10:51'),
(134, 2, 1, 5, '2014-10-25 06:10:50', '2014-10-30 14:10:51'),
(135, 3, 1, 6, '2014-10-25 06:27:50', '2014-10-30 14:10:51'),
(136, 2, 1, 5, '2014-10-25 06:33:50', '2014-10-30 14:10:51'),
(137, 3, 1, 6, '2014-10-25 07:03:50', '2014-10-30 14:10:51'),
(138, 3, 1, 6, '2014-10-25 07:18:50', '2014-10-30 14:10:51'),
(139, 3, 1, 6, '2014-10-25 09:31:50', '2014-10-30 14:10:51'),
(140, 2, 1, 5, '2014-10-25 09:50:50', '2014-10-30 14:10:51'),
(141, 2, 1, 5, '2014-10-25 10:05:50', '2014-10-30 14:10:51'),
(142, 3, 1, 6, '2014-10-25 10:07:50', '2014-10-30 14:10:51'),
(143, 3, 1, 6, '2014-10-25 10:08:50', '2014-10-30 14:10:51'),
(144, 2, 1, 5, '2014-10-25 10:12:50', '2014-10-30 14:10:51'),
(145, 2, 1, 5, '2014-10-25 10:19:50', '2014-10-30 14:10:51'),
(146, 3, 1, 6, '2014-10-25 10:39:50', '2014-10-30 14:10:51'),
(147, 2, 1, 5, '2014-10-25 11:03:50', '2014-10-30 14:10:51'),
(148, 3, 1, 6, '2014-10-25 11:13:50', '2014-10-30 14:10:51'),
(149, 2, 1, 5, '2014-10-25 11:22:50', '2014-10-30 14:10:51'),
(150, 3, 1, 6, '2014-10-25 11:47:50', '2014-10-30 14:10:51'),
(151, 2, 1, 5, '2014-10-25 12:03:50', '2014-10-30 14:10:51'),
(152, 3, 1, 6, '2014-10-25 12:09:50', '2014-10-30 14:10:51'),
(153, 3, 1, 6, '2014-10-25 12:18:50', '2014-10-30 14:10:51'),
(154, 2, 1, 5, '2014-10-25 12:57:50', '2014-10-30 14:10:51'),
(155, 2, 1, 5, '2014-10-25 12:59:50', '2014-10-30 14:10:51'),
(156, 3, 1, 6, '2014-10-25 13:01:50', '2014-10-30 14:10:51'),
(157, 2, 1, 5, '2014-10-25 13:09:50', '2014-10-30 14:10:51'),
(158, 2, 1, 5, '2014-10-25 13:27:50', '2014-10-30 14:10:51'),
(159, 2, 1, 5, '2014-10-25 13:28:50', '2014-10-30 14:10:51'),
(160, 3, 1, 6, '2014-10-25 13:37:50', '2014-10-30 14:10:51'),
(161, 3, 1, 6, '2014-10-25 14:20:50', '2014-10-30 14:10:51'),
(162, 3, 1, 6, '2014-10-25 14:26:50', '2014-10-30 14:10:51'),
(163, 2, 1, 5, '2014-10-25 14:36:50', '2014-10-30 14:10:51'),
(164, 2, 1, 5, '2014-10-25 14:57:50', '2014-10-30 14:10:51'),
(165, 3, 1, 6, '2014-10-25 15:01:50', '2014-10-30 14:10:51'),
(166, 3, 1, 6, '2014-10-25 15:03:50', '2014-10-30 14:10:51'),
(167, 2, 1, 5, '2014-10-25 15:14:50', '2014-10-30 14:10:51'),
(168, 3, 1, 6, '2014-10-25 15:28:50', '2014-10-30 14:10:51'),
(169, 2, 1, 5, '2014-10-25 15:29:50', '2014-10-30 14:10:51'),
(170, 2, 1, 5, '2014-10-25 15:34:50', '2014-10-30 14:10:51'),
(171, 3, 1, 6, '2014-10-25 16:02:50', '2014-10-30 14:10:51'),
(172, 2, 1, 5, '2014-10-25 16:45:50', '2014-10-30 14:10:51'),
(173, 2, 1, 5, '2014-10-25 16:56:50', '2014-10-30 14:10:51'),
(174, 3, 1, 6, '2014-10-25 17:15:50', '2014-10-30 14:10:51'),
(175, 2, 1, 5, '2014-10-25 17:26:50', '2014-10-30 14:10:51'),
(176, 3, 1, 6, '2014-10-25 18:13:50', '2014-10-30 14:10:51'),
(177, 3, 1, 6, '2014-10-25 18:14:50', '2014-10-30 14:10:51'),
(178, 3, 1, 6, '2014-10-25 18:34:50', '2014-10-30 14:10:51'),
(179, 2, 1, 5, '2014-10-25 18:39:50', '2014-10-30 14:10:51'),
(180, 3, 1, 6, '2014-10-25 18:49:50', '2014-10-30 14:10:51'),
(181, 2, 1, 5, '2014-10-25 19:26:50', '2014-10-30 14:10:51'),
(182, 2, 1, 5, '2014-10-25 19:36:50', '2014-10-30 14:10:51'),
(183, 2, 1, 5, '2014-10-25 20:08:50', '2014-10-30 14:10:51'),
(184, 2, 1, 5, '2014-10-25 20:36:50', '2014-10-30 14:10:51'),
(185, 2, 1, 5, '2014-10-25 20:54:50', '2014-10-30 14:10:51'),
(186, 3, 1, 6, '2014-10-25 21:08:50', '2014-10-30 14:10:51'),
(187, 2, 1, 5, '2014-10-25 21:13:50', '2014-10-30 14:10:51'),
(188, 3, 1, 6, '2014-10-25 21:45:50', '2014-10-30 14:10:51'),
(189, 2, 1, 5, '2014-10-25 21:56:50', '2014-10-30 14:10:51'),
(190, 3, 1, 6, '2014-10-25 21:57:50', '2014-10-30 14:10:51'),
(191, 3, 1, 6, '2014-10-25 22:49:50', '2014-10-30 14:10:51'),
(192, 3, 1, 6, '2014-10-25 23:14:50', '2014-10-30 14:10:51'),
(193, 2, 1, 5, '2014-10-25 23:50:50', '2014-10-30 14:10:51'),
(194, 3, 1, 6, '2014-10-25 23:53:50', '2014-10-30 14:10:51'),
(195, 3, 1, 6, '2014-10-26 00:23:50', '2014-10-30 14:10:51'),
(196, 3, 1, 6, '2014-10-26 00:38:50', '2014-10-30 14:10:51'),
(197, 2, 1, 5, '2014-10-26 00:45:50', '2014-10-30 14:10:51'),
(198, 3, 1, 6, '2014-10-26 01:13:50', '2014-10-30 14:10:51'),
(199, 3, 1, 6, '2014-10-26 01:46:50', '2014-10-30 14:10:51'),
(200, 3, 1, 6, '2014-10-26 01:47:50', '2014-10-30 14:10:51'),
(201, 3, 1, 6, '2014-10-26 02:09:50', '2014-10-30 14:10:51'),
(202, 2, 1, 5, '2014-10-26 02:19:50', '2014-10-30 14:10:51'),
(203, 3, 1, 6, '2014-10-26 02:20:50', '2014-10-30 14:10:51'),
(204, 3, 1, 6, '2014-10-26 02:28:50', '2014-10-30 14:10:51'),
(205, 3, 1, 6, '2014-10-26 02:34:50', '2014-10-30 14:10:51'),
(206, 2, 1, 5, '2014-10-26 02:58:50', '2014-10-30 14:10:51'),
(207, 2, 1, 5, '2014-10-26 04:15:50', '2014-10-30 14:10:51'),
(208, 3, 1, 6, '2014-10-26 04:20:50', '2014-10-30 14:10:51'),
(209, 2, 1, 5, '2014-10-26 04:48:50', '2014-10-30 14:10:51'),
(210, 2, 1, 5, '2014-10-26 05:04:50', '2014-10-30 14:10:51'),
(211, 3, 1, 6, '2014-10-26 05:07:50', '2014-10-30 14:10:51'),
(212, 2, 1, 5, '2014-10-26 05:23:50', '2014-10-30 14:10:51'),
(213, 3, 1, 6, '2014-10-26 05:59:50', '2014-10-30 14:10:51'),
(214, 3, 1, 6, '2014-10-26 06:25:50', '2014-10-30 14:10:51'),
(215, 2, 1, 5, '2014-10-26 06:34:50', '2014-10-30 14:10:51'),
(216, 2, 1, 5, '2014-10-26 06:49:50', '2014-10-30 14:10:51'),
(217, 2, 1, 5, '2014-10-26 07:05:50', '2014-10-30 14:10:51'),
(218, 3, 1, 6, '2014-10-26 07:07:50', '2014-10-30 14:10:51'),
(219, 2, 1, 5, '2014-10-26 07:14:50', '2014-10-30 14:10:51'),
(220, 3, 1, 6, '2014-10-26 07:58:50', '2014-10-30 14:10:51'),
(221, 2, 1, 5, '2014-10-26 08:42:50', '2014-10-30 14:10:51'),
(222, 3, 1, 6, '2014-10-26 10:29:50', '2014-10-30 14:10:51'),
(223, 3, 1, 6, '2014-10-26 10:34:50', '2014-10-30 14:10:51'),
(224, 3, 1, 6, '2014-10-26 10:56:50', '2014-10-30 14:10:51'),
(225, 3, 1, 6, '2014-10-26 11:15:50', '2014-10-30 14:10:51'),
(226, 3, 1, 6, '2014-10-26 11:30:50', '2014-10-30 14:10:51'),
(227, 3, 1, 6, '2014-10-26 12:37:50', '2014-10-30 14:10:51'),
(228, 2, 1, 5, '2014-10-26 12:45:50', '2014-10-30 14:10:51'),
(229, 2, 1, 5, '2014-10-26 12:54:50', '2014-10-30 14:10:51'),
(230, 3, 1, 6, '2014-10-26 12:55:50', '2014-10-30 14:10:51'),
(231, 2, 1, 5, '2014-10-26 13:59:50', '2014-10-30 14:10:51'),
(232, 2, 1, 5, '2014-10-26 14:01:50', '2014-10-30 14:10:51'),
(233, 2, 1, 5, '2014-10-26 14:11:50', '2014-10-30 14:10:51'),
(234, 3, 1, 6, '2014-10-26 14:39:50', '2014-10-30 14:10:51'),
(235, 3, 1, 6, '2014-10-26 14:41:50', '2014-10-30 14:10:51'),
(236, 3, 1, 6, '2014-10-26 14:53:50', '2014-10-30 14:10:51'),
(237, 3, 1, 6, '2014-10-26 14:58:50', '2014-10-30 14:10:51'),
(238, 3, 1, 6, '2014-10-26 15:01:50', '2014-10-30 14:10:51'),
(239, 3, 1, 6, '2014-10-26 15:35:50', '2014-10-30 14:10:51'),
(240, 3, 1, 6, '2014-10-26 15:38:50', '2014-10-30 14:10:51'),
(241, 2, 1, 5, '2014-10-26 15:47:50', '2014-10-30 14:10:51'),
(242, 2, 1, 5, '2014-10-26 17:08:50', '2014-10-30 14:10:51'),
(243, 2, 1, 5, '2014-10-26 17:23:50', '2014-10-30 14:10:51'),
(244, 2, 1, 5, '2014-10-26 17:26:50', '2014-10-30 14:10:51'),
(245, 3, 1, 6, '2014-10-26 17:52:50', '2014-10-30 14:10:51'),
(246, 3, 1, 6, '2014-10-26 18:19:50', '2014-10-30 14:10:51'),
(247, 2, 1, 5, '2014-10-26 18:34:50', '2014-10-30 14:10:51'),
(248, 3, 1, 6, '2014-10-26 18:42:50', '2014-10-30 14:10:51'),
(249, 2, 1, 5, '2014-10-26 19:43:50', '2014-10-30 14:10:51'),
(250, 3, 1, 6, '2014-10-26 20:23:50', '2014-10-30 14:10:51'),
(251, 2, 1, 5, '2014-10-26 20:39:50', '2014-10-30 14:10:51'),
(252, 2, 1, 5, '2014-10-26 20:44:50', '2014-10-30 14:10:51'),
(253, 2, 1, 5, '2014-10-26 20:46:50', '2014-10-30 14:10:51'),
(254, 2, 1, 5, '2014-10-26 21:42:50', '2014-10-30 14:10:51'),
(255, 2, 1, 5, '2014-10-26 22:00:50', '2014-10-30 14:10:51'),
(256, 2, 1, 5, '2014-10-26 22:11:50', '2014-10-30 14:10:51'),
(257, 3, 1, 6, '2014-10-26 22:35:50', '2014-10-30 14:10:51'),
(258, 3, 1, 6, '2014-10-26 23:07:50', '2014-10-30 14:10:51'),
(259, 2, 1, 5, '2014-10-26 23:23:50', '2014-10-30 14:10:51'),
(260, 2, 1, 5, '2014-10-26 23:34:50', '2014-10-30 14:10:51'),
(261, 2, 1, 5, '2014-10-26 23:39:50', '2014-10-30 14:10:51'),
(262, 2, 1, 5, '2014-10-27 00:13:50', '2014-10-30 14:10:51'),
(263, 3, 1, 6, '2014-10-27 01:10:50', '2014-10-30 14:10:51'),
(264, 3, 1, 6, '2014-10-27 01:17:50', '2014-10-30 14:10:51'),
(265, 3, 1, 6, '2014-10-27 01:39:50', '2014-10-30 14:10:51'),
(266, 2, 1, 5, '2014-10-27 01:41:50', '2014-10-30 14:10:51'),
(267, 3, 1, 6, '2014-10-27 01:44:50', '2014-10-30 14:10:51'),
(268, 3, 1, 6, '2014-10-27 02:06:50', '2014-10-30 14:10:51'),
(269, 2, 1, 5, '2014-10-27 02:55:50', '2014-10-30 14:10:51'),
(270, 3, 1, 6, '2014-10-27 03:09:50', '2014-10-30 14:10:51'),
(271, 2, 1, 5, '2014-10-27 03:11:50', '2014-10-30 14:10:51'),
(272, 2, 1, 5, '2014-10-27 03:18:50', '2014-10-30 14:10:51'),
(273, 2, 1, 5, '2014-10-27 03:23:50', '2014-10-30 14:10:51'),
(274, 2, 1, 5, '2014-10-27 03:31:50', '2014-10-30 14:10:51'),
(275, 3, 1, 6, '2014-10-27 03:39:50', '2014-10-30 14:10:51'),
(276, 2, 1, 5, '2014-10-27 03:40:50', '2014-10-30 14:10:51'),
(277, 2, 1, 5, '2014-10-27 03:52:50', '2014-10-30 14:10:51'),
(278, 2, 1, 5, '2014-10-27 03:53:50', '2014-10-30 14:10:51'),
(279, 3, 1, 6, '2014-10-27 05:15:50', '2014-10-30 14:10:51'),
(280, 2, 1, 5, '2014-10-27 05:50:50', '2014-10-30 14:10:51'),
(281, 2, 1, 5, '2014-10-27 05:52:50', '2014-10-30 14:10:51'),
(282, 2, 1, 5, '2014-10-27 06:13:50', '2014-10-30 14:10:51'),
(283, 2, 1, 5, '2014-10-27 07:59:50', '2014-10-30 14:10:51'),
(284, 2, 1, 5, '2014-10-27 08:37:50', '2014-10-30 14:10:51'),
(285, 2, 1, 5, '2014-10-27 08:49:50', '2014-10-30 14:10:51'),
(286, 3, 1, 6, '2014-10-27 08:55:50', '2014-10-30 14:10:51'),
(287, 2, 1, 5, '2014-10-27 08:57:50', '2014-10-30 14:10:51'),
(288, 2, 1, 5, '2014-10-27 10:06:50', '2014-10-30 14:10:51'),
(289, 3, 1, 6, '2014-10-27 10:35:50', '2014-10-30 14:10:51'),
(290, 3, 1, 6, '2014-10-27 11:00:50', '2014-10-30 14:10:51'),
(291, 2, 1, 5, '2014-10-27 11:18:50', '2014-10-30 14:10:51'),
(292, 3, 1, 6, '2014-10-27 11:26:50', '2014-10-30 14:10:51'),
(293, 2, 1, 5, '2014-10-27 11:59:50', '2014-10-30 14:10:51'),
(294, 3, 1, 6, '2014-10-27 12:02:50', '2014-10-30 14:10:51'),
(295, 3, 1, 6, '2014-10-27 12:42:50', '2014-10-30 14:10:51'),
(296, 3, 1, 6, '2014-10-27 12:47:50', '2014-10-30 14:10:51'),
(297, 2, 1, 5, '2014-10-27 13:53:50', '2014-10-30 14:10:51'),
(298, 2, 1, 5, '2014-10-27 14:01:50', '2014-10-30 14:10:51'),
(299, 3, 1, 6, '2014-10-27 14:17:50', '2014-10-30 14:10:51'),
(300, 2, 1, 5, '2014-10-27 14:40:50', '2014-10-30 14:10:51'),
(301, 2, 1, 5, '2014-10-27 14:43:50', '2014-10-30 14:10:51'),
(302, 2, 1, 5, '2014-10-27 14:45:50', '2014-10-30 14:10:51'),
(303, 3, 1, 6, '2014-10-27 14:47:50', '2014-10-30 14:10:51'),
(304, 3, 1, 6, '2014-10-27 14:49:50', '2014-10-30 14:10:51'),
(305, 3, 1, 6, '2014-10-27 14:52:50', '2014-10-30 14:10:51'),
(306, 2, 1, 5, '2014-10-27 14:56:50', '2014-10-30 14:10:51'),
(307, 2, 1, 5, '2014-10-27 15:09:50', '2014-10-30 14:10:51'),
(308, 2, 1, 5, '2014-10-27 15:12:50', '2014-10-30 14:10:51'),
(309, 2, 1, 5, '2014-10-27 15:56:50', '2014-10-30 14:10:51'),
(310, 3, 1, 6, '2014-10-27 16:32:50', '2014-10-30 14:10:51'),
(311, 3, 1, 6, '2014-10-27 16:39:50', '2014-10-30 14:10:51'),
(312, 2, 1, 5, '2014-10-27 17:38:50', '2014-10-30 14:10:51'),
(313, 3, 1, 6, '2014-10-27 18:35:50', '2014-10-30 14:10:51'),
(314, 3, 1, 6, '2014-10-27 19:23:50', '2014-10-30 14:10:51'),
(315, 3, 1, 6, '2014-10-27 19:26:50', '2014-10-30 14:10:51'),
(316, 2, 1, 5, '2014-10-27 19:43:50', '2014-10-30 14:10:51'),
(317, 3, 1, 6, '2014-10-27 19:59:50', '2014-10-30 14:10:51'),
(318, 2, 1, 5, '2014-10-27 20:49:50', '2014-10-30 14:10:51'),
(319, 2, 1, 5, '2014-10-27 21:59:50', '2014-10-30 14:10:51'),
(320, 3, 1, 6, '2014-10-27 23:31:50', '2014-10-30 14:10:51'),
(321, 2, 1, 5, '2014-10-27 23:34:50', '2014-10-30 14:10:51'),
(322, 2, 1, 5, '2014-10-28 00:09:50', '2014-10-30 14:10:51'),
(323, 3, 1, 6, '2014-10-28 00:18:50', '2014-10-30 14:10:51'),
(324, 3, 1, 6, '2014-10-28 00:22:50', '2014-10-30 14:10:51'),
(325, 2, 1, 5, '2014-10-28 00:43:50', '2014-10-30 14:10:51'),
(326, 2, 1, 5, '2014-10-28 00:54:50', '2014-10-30 14:10:51'),
(327, 3, 1, 6, '2014-10-28 01:08:50', '2014-10-30 14:10:51'),
(328, 2, 1, 5, '2014-10-28 02:20:50', '2014-10-30 14:10:51'),
(329, 3, 1, 6, '2014-10-28 02:35:50', '2014-10-30 14:10:51'),
(330, 2, 1, 5, '2014-10-28 02:40:50', '2014-10-30 14:10:51'),
(331, 3, 1, 6, '2014-10-28 02:43:50', '2014-10-30 14:10:51'),
(332, 2, 1, 5, '2014-10-28 03:16:50', '2014-10-30 14:10:51'),
(333, 2, 1, 5, '2014-10-28 03:55:50', '2014-10-30 14:10:51'),
(334, 3, 1, 6, '2014-10-28 04:00:50', '2014-10-30 14:10:51'),
(335, 3, 1, 6, '2014-10-28 04:20:50', '2014-10-30 14:10:51'),
(336, 3, 1, 6, '2014-10-28 04:36:50', '2014-10-30 14:10:51'),
(337, 2, 1, 5, '2014-10-28 04:40:50', '2014-10-30 14:10:51'),
(338, 3, 1, 6, '2014-10-28 04:41:50', '2014-10-30 14:10:51'),
(339, 2, 1, 5, '2014-10-28 04:45:50', '2014-10-30 14:10:51'),
(340, 3, 1, 6, '2014-10-28 05:41:50', '2014-10-30 14:10:51'),
(341, 3, 1, 6, '2014-10-28 05:55:50', '2014-10-30 14:10:51'),
(342, 2, 1, 5, '2014-10-28 06:39:50', '2014-10-30 14:10:51'),
(343, 2, 1, 5, '2014-10-28 06:47:50', '2014-10-30 14:10:51'),
(344, 2, 1, 5, '2014-10-28 06:58:50', '2014-10-30 14:10:51'),
(345, 2, 1, 5, '2014-10-28 07:06:50', '2014-10-30 14:10:51'),
(346, 3, 1, 6, '2014-10-28 07:12:50', '2014-10-30 14:10:51'),
(347, 3, 1, 6, '2014-10-28 07:16:50', '2014-10-30 14:10:51'),
(348, 2, 1, 5, '2014-10-28 07:32:50', '2014-10-30 14:10:51'),
(349, 2, 1, 5, '2014-10-28 07:53:50', '2014-10-30 14:10:51'),
(350, 2, 1, 5, '2014-10-28 08:22:50', '2014-10-30 14:10:51'),
(351, 3, 1, 6, '2014-10-28 08:25:50', '2014-10-30 14:10:51'),
(352, 3, 1, 6, '2014-10-28 08:26:50', '2014-10-30 14:10:51'),
(353, 2, 1, 5, '2014-10-28 08:33:50', '2014-10-30 14:10:51'),
(354, 3, 1, 6, '2014-10-28 08:41:50', '2014-10-30 14:10:51'),
(355, 3, 1, 6, '2014-10-28 08:55:50', '2014-10-30 14:10:51'),
(356, 2, 1, 5, '2014-10-28 09:09:50', '2014-10-30 14:10:51'),
(357, 3, 1, 6, '2014-10-28 09:26:50', '2014-10-30 14:10:51'),
(358, 2, 1, 5, '2014-10-28 09:41:50', '2014-10-30 14:10:51'),
(359, 3, 1, 6, '2014-10-28 09:42:50', '2014-10-30 14:10:51'),
(360, 3, 1, 6, '2014-10-28 09:48:50', '2014-10-30 14:10:51'),
(361, 2, 1, 5, '2014-10-28 10:27:50', '2014-10-30 14:10:51'),
(362, 2, 1, 5, '2014-10-28 11:04:50', '2014-10-30 14:10:51'),
(363, 3, 1, 6, '2014-10-28 11:25:50', '2014-10-30 14:10:51'),
(364, 2, 1, 5, '2014-10-28 11:31:50', '2014-10-30 14:10:51'),
(365, 3, 1, 6, '2014-10-28 11:39:50', '2014-10-30 14:10:51'),
(366, 3, 1, 6, '2014-10-28 11:55:50', '2014-10-30 14:10:51'),
(367, 3, 1, 6, '2014-10-28 11:56:50', '2014-10-30 14:10:51'),
(368, 3, 1, 6, '2014-10-28 12:12:50', '2014-10-30 14:10:51'),
(369, 3, 1, 6, '2014-10-28 13:01:50', '2014-10-30 14:10:51'),
(370, 3, 1, 6, '2014-10-28 13:12:50', '2014-10-30 14:10:51'),
(371, 2, 1, 5, '2014-10-28 13:15:50', '2014-10-30 14:10:51'),
(372, 3, 1, 6, '2014-10-28 14:20:50', '2014-10-30 14:10:51'),
(373, 3, 1, 6, '2014-10-28 14:24:50', '2014-10-30 14:10:51'),
(374, 3, 1, 6, '2014-10-28 14:29:50', '2014-10-30 14:10:51'),
(375, 3, 1, 6, '2014-10-28 14:39:50', '2014-10-30 14:10:51'),
(376, 2, 1, 5, '2014-10-28 14:41:50', '2014-10-30 14:10:51'),
(377, 3, 1, 6, '2014-10-28 15:22:50', '2014-10-30 14:10:51'),
(378, 3, 1, 6, '2014-10-28 16:41:50', '2014-10-30 14:10:51'),
(379, 3, 1, 6, '2014-10-28 16:56:50', '2014-10-30 14:10:51'),
(380, 2, 1, 5, '2014-10-28 18:13:50', '2014-10-30 14:10:51'),
(381, 2, 1, 5, '2014-10-28 18:17:50', '2014-10-30 14:10:51'),
(382, 3, 1, 6, '2014-10-28 18:36:50', '2014-10-30 14:10:51'),
(383, 2, 1, 5, '2014-10-28 19:42:50', '2014-10-30 14:10:51'),
(384, 2, 1, 5, '2014-10-28 20:25:50', '2014-10-30 14:10:51'),
(385, 3, 1, 6, '2014-10-28 20:30:50', '2014-10-30 14:10:51'),
(386, 2, 1, 5, '2014-10-28 21:08:50', '2014-10-30 14:10:51'),
(387, 3, 1, 6, '2014-10-28 21:08:50', '2014-10-30 14:10:51'),
(388, 3, 1, 6, '2014-10-28 21:14:50', '2014-10-30 14:10:51'),
(389, 2, 1, 5, '2014-10-28 21:46:50', '2014-10-30 14:10:51'),
(390, 2, 1, 5, '2014-10-28 21:51:50', '2014-10-30 14:10:51'),
(391, 2, 1, 5, '2014-10-28 22:33:50', '2014-10-30 14:10:51'),
(392, 3, 1, 6, '2014-10-28 22:56:50', '2014-10-30 14:10:51'),
(393, 3, 1, 6, '2014-10-28 23:03:50', '2014-10-30 14:10:51'),
(394, 3, 1, 6, '2014-10-28 23:06:50', '2014-10-30 14:10:51'),
(395, 2, 1, 5, '2014-10-28 23:46:50', '2014-10-30 14:10:51'),
(396, 3, 1, 6, '2014-10-28 23:46:50', '2014-10-30 14:10:51'),
(397, 2, 1, 5, '2014-10-29 00:17:50', '2014-10-30 14:10:51'),
(398, 2, 1, 5, '2014-10-29 00:40:50', '2014-10-30 14:10:51'),
(399, 3, 1, 6, '2014-10-29 00:43:50', '2014-10-30 14:10:51'),
(400, 2, 1, 5, '2014-10-29 00:56:50', '2014-10-30 14:10:51'),
(401, 2, 1, 5, '2014-10-29 01:26:50', '2014-10-30 14:10:51'),
(402, 2, 1, 5, '2014-10-29 01:29:50', '2014-10-30 14:10:51'),
(403, 3, 1, 6, '2014-10-29 01:37:50', '2014-10-30 14:10:51'),
(404, 3, 1, 6, '2014-10-29 01:39:50', '2014-10-30 14:10:51'),
(405, 3, 1, 6, '2014-10-29 01:45:50', '2014-10-30 14:10:51'),
(406, 2, 1, 5, '2014-10-29 02:22:50', '2014-10-30 14:10:51'),
(407, 3, 1, 6, '2014-10-29 02:53:50', '2014-10-30 14:10:51'),
(408, 2, 1, 5, '2014-10-29 03:00:50', '2014-10-30 14:10:51'),
(409, 2, 1, 5, '2014-10-29 03:06:50', '2014-10-30 14:10:51'),
(410, 3, 1, 6, '2014-10-29 04:57:50', '2014-10-30 14:10:51'),
(411, 3, 1, 6, '2014-10-29 05:11:50', '2014-10-30 14:10:51'),
(412, 2, 1, 5, '2014-10-29 05:20:50', '2014-10-30 14:10:51'),
(413, 3, 1, 6, '2014-10-29 06:20:50', '2014-10-30 14:10:51'),
(414, 2, 1, 5, '2014-10-29 06:36:50', '2014-10-30 14:10:51'),
(415, 2, 1, 5, '2014-10-29 06:48:50', '2014-10-30 14:10:51'),
(416, 3, 1, 6, '2014-10-29 06:57:50', '2014-10-30 14:10:51'),
(417, 2, 1, 5, '2014-10-29 07:17:50', '2014-10-30 14:10:51'),
(418, 2, 1, 5, '2014-10-29 08:16:50', '2014-10-30 14:10:51'),
(419, 2, 1, 5, '2014-10-29 08:39:50', '2014-10-30 14:10:51'),
(420, 2, 1, 5, '2014-10-29 09:52:50', '2014-10-30 14:10:51'),
(421, 2, 1, 5, '2014-10-29 10:03:50', '2014-10-30 14:10:51'),
(422, 2, 1, 5, '2014-10-29 10:29:50', '2014-10-30 14:10:51'),
(423, 3, 1, 6, '2014-10-29 10:44:50', '2014-10-30 14:10:51'),
(424, 3, 1, 6, '2014-10-29 10:58:50', '2014-10-30 14:10:51'),
(425, 2, 1, 5, '2014-10-29 11:18:50', '2014-10-30 14:10:51'),
(426, 2, 1, 5, '2014-10-29 11:57:50', '2014-10-30 14:10:51'),
(427, 2, 1, 5, '2014-10-29 12:04:50', '2014-10-30 14:10:51'),
(428, 3, 1, 6, '2014-10-29 12:23:50', '2014-10-30 14:10:51'),
(429, 3, 1, 6, '2014-10-29 13:05:50', '2014-10-30 14:10:51'),
(430, 2, 1, 5, '2014-10-29 13:09:50', '2014-10-30 14:10:51'),
(431, 2, 1, 5, '2014-10-29 13:19:50', '2014-10-30 14:10:51'),
(432, 2, 1, 5, '2014-10-29 13:32:50', '2014-10-30 14:10:51'),
(433, 3, 1, 6, '2014-10-29 14:23:50', '2014-10-30 14:10:51'),
(434, 2, 1, 5, '2014-10-29 14:28:50', '2014-10-30 14:10:51'),
(435, 2, 1, 5, '2014-10-29 14:38:50', '2014-10-30 14:10:51'),
(436, 3, 1, 6, '2014-10-29 14:38:50', '2014-10-30 14:10:51'),
(437, 3, 1, 6, '2014-10-29 15:26:50', '2014-10-30 14:10:51'),
(438, 2, 1, 5, '2014-10-29 15:54:50', '2014-10-30 14:10:52'),
(439, 3, 1, 6, '2014-10-29 15:58:50', '2014-10-30 14:10:52'),
(440, 3, 1, 6, '2014-10-29 16:17:50', '2014-10-30 14:10:52'),
(441, 3, 1, 6, '2014-10-29 16:27:50', '2014-10-30 14:10:52'),
(442, 3, 1, 6, '2014-10-29 16:42:50', '2014-10-30 14:10:52'),
(443, 2, 1, 5, '2014-10-29 17:20:50', '2014-10-30 14:10:52'),
(444, 2, 1, 5, '2014-10-29 17:48:50', '2014-10-30 14:10:52'),
(445, 2, 1, 5, '2014-10-29 17:56:50', '2014-10-30 14:10:52'),
(446, 2, 1, 5, '2014-10-29 17:59:50', '2014-10-30 14:10:52'),
(447, 2, 1, 5, '2014-10-29 18:55:50', '2014-10-30 14:10:52'),
(448, 3, 1, 6, '2014-10-29 19:14:50', '2014-10-30 14:10:52'),
(449, 2, 1, 5, '2014-10-29 19:25:50', '2014-10-30 14:10:52'),
(450, 2, 1, 5, '2014-10-29 19:28:50', '2014-10-30 14:10:52'),
(451, 3, 1, 6, '2014-10-29 19:30:50', '2014-10-30 14:10:52'),
(452, 2, 1, 5, '2014-10-29 19:36:50', '2014-10-30 14:10:52'),
(453, 2, 1, 5, '2014-10-29 20:06:50', '2014-10-30 14:10:52'),
(454, 3, 1, 6, '2014-10-29 20:12:50', '2014-10-30 14:10:52'),
(455, 3, 1, 6, '2014-10-29 20:14:50', '2014-10-30 14:10:52'),
(456, 3, 1, 6, '2014-10-29 20:18:50', '2014-10-30 14:10:52'),
(457, 2, 1, 5, '2014-10-29 20:30:50', '2014-10-30 14:10:52'),
(458, 3, 1, 6, '2014-10-29 20:56:50', '2014-10-30 14:10:52'),
(459, 3, 1, 6, '2014-10-29 21:26:50', '2014-10-30 14:10:52'),
(460, 3, 1, 6, '2014-10-29 21:46:50', '2014-10-30 14:10:52'),
(461, 2, 1, 5, '2014-10-29 22:25:50', '2014-10-30 14:10:52'),
(462, 3, 1, 6, '2014-10-29 22:31:50', '2014-10-30 14:10:52'),
(463, 3, 1, 6, '2014-10-29 22:43:50', '2014-10-30 14:10:52'),
(464, 2, 1, 5, '2014-10-29 22:45:50', '2014-10-30 14:10:52'),
(465, 2, 1, 5, '2014-10-29 22:48:50', '2014-10-30 14:10:52'),
(466, 3, 1, 6, '2014-10-29 22:50:50', '2014-10-30 14:10:52'),
(467, 3, 1, 6, '2014-10-29 23:11:50', '2014-10-30 14:10:52'),
(468, 2, 1, 5, '2014-10-29 23:18:50', '2014-10-30 14:10:52'),
(469, 2, 1, 5, '2014-10-29 23:41:50', '2014-10-30 14:10:52'),
(470, 3, 1, 6, '2014-10-30 00:08:50', '2014-10-30 14:10:52'),
(471, 3, 1, 6, '2014-10-30 00:51:50', '2014-10-30 14:10:52'),
(472, 2, 1, 5, '2014-10-30 00:54:50', '2014-10-30 14:10:52'),
(473, 2, 1, 5, '2014-10-30 00:55:50', '2014-10-30 14:10:52'),
(474, 3, 1, 6, '2014-10-30 01:07:50', '2014-10-30 14:10:52'),
(475, 2, 1, 5, '2014-10-30 01:26:50', '2014-10-30 14:10:52'),
(476, 3, 1, 6, '2014-10-30 01:28:50', '2014-10-30 14:10:52'),
(477, 2, 1, 5, '2014-10-30 01:54:50', '2014-10-30 14:10:52'),
(478, 2, 1, 5, '2014-10-30 02:08:50', '2014-10-30 14:10:52'),
(479, 2, 1, 5, '2014-10-30 02:11:50', '2014-10-30 14:10:52'),
(480, 3, 1, 6, '2014-10-30 02:12:50', '2014-10-30 14:10:52'),
(481, 2, 1, 5, '2014-10-30 02:41:50', '2014-10-30 14:10:52'),
(482, 3, 1, 6, '2014-10-30 02:45:50', '2014-10-30 14:10:52'),
(483, 2, 1, 5, '2014-10-30 03:06:50', '2014-10-30 14:10:52'),
(484, 2, 1, 5, '2014-10-30 03:49:50', '2014-10-30 14:10:52'),
(485, 3, 1, 6, '2014-10-30 03:53:50', '2014-10-30 14:10:52'),
(486, 3, 1, 6, '2014-10-30 04:04:50', '2014-10-30 14:10:52'),
(487, 3, 1, 6, '2014-10-30 04:21:50', '2014-10-30 14:10:52'),
(488, 3, 1, 6, '2014-10-30 04:26:50', '2014-10-30 14:10:52'),
(489, 2, 1, 5, '2014-10-30 04:44:50', '2014-10-30 14:10:52'),
(490, 3, 1, 6, '2014-10-30 05:09:50', '2014-10-30 14:10:52'),
(491, 3, 1, 6, '2014-10-30 05:14:50', '2014-10-30 14:10:52'),
(492, 3, 1, 6, '2014-10-30 05:21:50', '2014-10-30 14:10:52'),
(493, 2, 1, 5, '2014-10-30 05:49:50', '2014-10-30 14:10:52'),
(494, 2, 1, 5, '2014-10-30 05:50:50', '2014-10-30 14:10:52'),
(495, 2, 1, 5, '2014-10-30 05:57:50', '2014-10-30 14:10:52'),
(496, 2, 1, 5, '2014-10-30 06:05:50', '2014-10-30 14:10:52'),
(497, 3, 1, 6, '2014-10-30 06:32:50', '2014-10-30 14:10:52'),
(498, 2, 1, 5, '2014-10-30 08:46:50', '2014-10-30 14:10:52'),
(499, 3, 1, 6, '2014-10-30 08:52:50', '2014-10-30 14:10:52'),
(500, 2, 1, 5, '2014-10-30 09:08:50', '2014-10-30 14:10:52'),
(501, 3, 1, 6, '2014-10-30 09:42:50', '2014-10-30 14:10:52'),
(502, 3, 1, 6, '2014-10-30 09:44:50', '2014-10-30 14:10:52'),
(503, 3, 1, 6, '2014-10-30 10:55:50', '2014-10-30 14:10:52'),
(504, 2, 1, 5, '2014-10-30 10:59:50', '2014-10-30 14:10:52'),
(505, 2, 1, 5, '2014-10-30 11:19:50', '2014-10-30 14:10:52'),
(506, 3, 1, 6, '2014-10-30 11:29:50', '2014-10-30 14:10:52'),
(507, 3, 1, 6, '2014-10-30 11:45:50', '2014-10-30 14:10:52'),
(508, 2, 1, 5, '2014-10-30 12:09:50', '2014-10-30 14:10:52'),
(509, 2, 1, 5, '2014-10-30 12:10:50', '2014-10-30 14:10:52'),
(510, 2, 1, 5, '2014-10-30 12:15:50', '2014-10-30 14:10:52'),
(511, 2, 1, 5, '2014-10-30 13:04:50', '2014-10-30 14:10:52'),
(512, 2, 1, 5, '2014-10-30 13:41:50', '2014-10-30 14:10:52'),
(513, 3, 1, 6, '2014-10-30 13:46:50', '2014-10-30 14:10:52'),
(514, 3, 1, 6, '2014-10-30 14:04:50', '2014-10-30 14:10:52');

--
-- Constraints for dumped tables
--

--
-- Constraints for table `Acceleration`
--
ALTER TABLE `Acceleration`
  ADD CONSTRAINT `acceleration_zone_id_foreign` FOREIGN KEY (`zone_id`) REFERENCES `Zone` (`id`),
  ADD CONSTRAINT `acceleration_job_id_foreign` FOREIGN KEY (`job_id`) REFERENCES `Job` (`id`);

--
-- Constraints for table `Heat`
--
ALTER TABLE `Heat`
  ADD CONSTRAINT `heat_zone_id_foreign` FOREIGN KEY (`zone_id`) REFERENCES `Zone` (`id`),
  ADD CONSTRAINT `heat_job_id_foreign` FOREIGN KEY (`job_id`) REFERENCES `Job` (`id`);

--
-- Constraints for table `Job`
--
ALTER TABLE `Job`
  ADD CONSTRAINT `job_sensor_id_foreign` FOREIGN KEY (`sensor_id`) REFERENCES `Sensor` (`id`),
  ADD CONSTRAINT `job_object_id_foreign` FOREIGN KEY (`object_id`) REFERENCES `Object` (`id`);

--
-- Constraints for table `Light`
--
ALTER TABLE `Light`
  ADD CONSTRAINT `light_zone_id_foreign` FOREIGN KEY (`zone_id`) REFERENCES `Zone` (`id`),
  ADD CONSTRAINT `light_job_id_foreign` FOREIGN KEY (`job_id`) REFERENCES `Job` (`id`);

--
-- Constraints for table `Motion`
--
ALTER TABLE `Motion`
  ADD CONSTRAINT `motion_zone_id_foreign` FOREIGN KEY (`zone_id`) REFERENCES `Zone` (`id`),
  ADD CONSTRAINT `motion_job_id_foreign` FOREIGN KEY (`job_id`) REFERENCES `Job` (`id`);

--
-- Constraints for table `Object`
--
ALTER TABLE `Object`
  ADD CONSTRAINT `object_spot_id_foreign` FOREIGN KEY (`spot_id`) REFERENCES `Spot` (`id`);

--
-- Constraints for table `Spot`
--
ALTER TABLE `Spot`
  ADD CONSTRAINT `spot_user_id_foreign` FOREIGN KEY (`user_id`) REFERENCES `Users` (`id`);

--
-- Constraints for table `zone_object`
--
ALTER TABLE `zone_object`
  ADD CONSTRAINT `zone_object_job_id_foreign` FOREIGN KEY (`job_id`) REFERENCES `Job` (`id`),
  ADD CONSTRAINT `zone_object_object_id_foreign` FOREIGN KEY (`object_id`) REFERENCES `Object` (`id`),
  ADD CONSTRAINT `zone_object_zone_id_foreign` FOREIGN KEY (`zone_id`) REFERENCES `Zone` (`id`);

--
-- Constraints for table `zone_spot`
--
ALTER TABLE `zone_spot`
  ADD CONSTRAINT `zone_spot_job_id_foreign` FOREIGN KEY (`job_id`) REFERENCES `Job` (`id`),
  ADD CONSTRAINT `zone_spot_spot_id_foreign` FOREIGN KEY (`spot_id`) REFERENCES `Spot` (`id`),
  ADD CONSTRAINT `zone_spot_zone_id_foreign` FOREIGN KEY (`zone_id`) REFERENCES `Zone` (`id`);

/*!40101 SET CHARACTER_SET_CLIENT=@OLD_CHARACTER_SET_CLIENT */;
/*!40101 SET CHARACTER_SET_RESULTS=@OLD_CHARACTER_SET_RESULTS */;
/*!40101 SET COLLATION_CONNECTION=@OLD_COLLATION_CONNECTION */;
